"date","total_cases","daily_cases","deaths","vaccinations","daily_vaccinations","common_cold","abdominal_pain","fatigue","fever","anosmia","spike"
2020-01-21,1,0,0,NA,NA,17.36,4.31,4.74,5.02,0.06,"FALSE"
2020-01-22,1,0,0,NA,NA,17.39,4.25,4.78,5.02,0.06,"FALSE"
2020-01-23,1,0,0,NA,NA,18.05,4.2,4.74,4.91,0.06,"FALSE"
2020-01-24,2,1,0,NA,NA,22.11,4.08,4.27,4.72,0.05,"FALSE"
2020-01-25,3,1,0,NA,NA,22.28,4.48,4.41,5.06,0.06,"FALSE"
2020-01-26,5,2,0,NA,NA,25.47,4.39,4.28,5.16,0.05,"FALSE"
2020-01-27,5,0,0,NA,NA,25.18,4.43,4.7,5.38,0.05,"FALSE"
2020-01-28,5,0,0,NA,NA,25.26,4.35,4.89,5.44,0.06,"FALSE"
2020-01-29,5,0,0,NA,NA,25.23,4.25,4.88,5.35,0.06,"FALSE"
2020-01-30,6,1,0,NA,NA,30.2,4.17,4.78,5.3,0.05,"FALSE"
2020-01-31,7,1,0,NA,NA,28.79,3.97,4.29,5,0.05,"FALSE"
2020-02-01,8,1,0,NA,NA,23.02,4.32,4.37,5.21,0.06,"FALSE"
2020-02-02,11,3,0,NA,NA,20.36,4.29,4.22,5.25,0.05,"FALSE"
2020-02-03,11,0,0,NA,NA,20.5,4.39,4.81,5.5,0.05,"FALSE"
2020-02-04,11,0,0,NA,NA,19.99,4.3,4.89,5.49,0.06,"FALSE"
2020-02-05,12,1,0,NA,NA,19.53,4.22,4.82,5.28,0.06,"FALSE"
2020-02-06,12,0,0,NA,NA,19.62,4.17,4.69,5.26,0.06,"FALSE"
2020-02-07,12,0,0,NA,NA,18.92,4.01,4.24,4.89,0.05,"FALSE"
2020-02-08,12,0,0,NA,NA,19.41,4.37,4.36,5.08,0.06,"FALSE"
2020-02-09,12,0,0,NA,NA,18.33,4.49,4.61,5.29,0.06,"FALSE"
2020-02-10,13,1,0,NA,NA,18.72,4.41,4.87,5.36,0.07,"FALSE"
2020-02-11,13,0,0,NA,NA,18.05,4.31,4.92,5.27,0.07,"FALSE"
2020-02-12,14,1,0,NA,NA,17.05,4.16,4.82,5.01,0.07,"FALSE"
2020-02-13,15,1,0,NA,NA,16.89,4.03,4.52,4.86,0.06,"FALSE"
2020-02-14,15,0,0,NA,NA,14.9,3.77,3.83,4.34,0.05,"FALSE"
2020-02-15,15,0,0,NA,NA,16.49,4.32,4.28,4.8,0.06,"FALSE"
2020-02-16,15,0,0,NA,NA,16.89,4.57,4.67,5.09,0.06,"FALSE"
2020-02-17,25,10,0,NA,NA,17.53,4.6,4.97,5.08,0.06,"FALSE"
2020-02-18,25,0,0,NA,NA,17.22,4.46,5.03,5.13,0.06,"FALSE"
2020-02-19,25,0,0,NA,NA,15.93,4.26,4.87,4.85,0.06,"FALSE"
2020-02-20,27,2,0,NA,NA,15.04,4.2,4.7,4.57,0.06,"FALSE"
2020-02-21,30,3,0,NA,NA,14.49,3.98,4.26,4.38,0.06,"FALSE"
2020-02-22,30,0,0,NA,NA,15.14,4.26,4.27,4.39,0.05,"FALSE"
2020-02-23,30,0,0,NA,NA,15.53,4.53,4.68,4.65,0.06,"FALSE"
2020-02-24,43,13,0,NA,NA,16.63,4.42,4.82,4.75,0.06,"FALSE"
2020-02-25,45,2,0,NA,NA,21.26,4.36,4.88,4.84,0.06,"FALSE"
2020-02-26,60,15,0,NA,NA,24.25,4.19,4.75,5.28,0.07,"FALSE"
2020-02-27,60,0,0,NA,NA,25.38,4.08,4.63,5.94,0.1,"FALSE"
2020-02-28,65,5,0,NA,NA,23.67,3.84,4.14,5.08,0.06,"FALSE"
2020-02-29,70,5,1,NA,NA,24.59,4.18,4.17,5.25,0.05,"FALSE"
2020-03-01,88,18,3,NA,NA,24.37,4.34,4.42,5.32,0.06,"FALSE"
2020-03-02,104,16,6,NA,NA,29.51,4.24,4.68,5.52,0.06,"FALSE"
2020-03-03,125,21,10,NA,NA,27.42,4.13,4.76,5.69,0.06,"FALSE"
2020-03-04,161,36,12,NA,NA,26.28,4.09,4.75,5.67,0.06,"FALSE"
2020-03-05,228,67,12,NA,NA,26.06,4.06,4.67,5.4,0.07,"FALSE"
2020-03-06,311,83,15,NA,NA,25.72,3.9,4.17,5.42,0.06,"FALSE"
2020-03-07,428,117,19,NA,NA,25.97,4.1,4.1,5.8,0.06,"FALSE"
2020-03-08,547,119,22,NA,NA,24.38,4.25,4.33,5.92,0.06,"FALSE"
2020-03-09,748,201,26,NA,NA,29.37,4.24,4.8,7.02,0.06,"FALSE"
2020-03-10,1018,270,31,NA,NA,30.19,4.15,4.72,7.07,0.06,"FALSE"
2020-03-11,1263,245,37,NA,NA,42.9,3.9,5,8.57,0.06,"FALSE"
2020-03-12,1668,405,43,NA,NA,52.42,3.65,4.54,10.77,0.06,"FALSE"
2020-03-13,2224,556,50,NA,NA,45.05,3.49,4.13,10.89,0.06,"FALSE"
2020-03-14,2898,674,60,NA,NA,41.49,3.85,4,13.97,0.07,"FALSE"
2020-03-15,3600,702,68,NA,NA,40.27,3.78,3.84,14.69,0.08,"FALSE"
2020-03-16,4507,907,91,NA,NA,40.66,3.53,3.73,16.13,0.08,"FALSE"
2020-03-17,5906,1399,117,NA,NA,37.68,3.47,3.81,15.75,0.11,"FALSE"
2020-03-18,8350,2444,162,NA,NA,35.9,3.42,3.91,20.43,0.13,"FALSE"
2020-03-19,12393,4043,212,NA,NA,34.59,3.43,3.64,16.44,0.14,"FALSE"
2020-03-20,18012,5619,277,NA,NA,31.98,3.38,3.47,13.44,0.16,"FALSE"
2020-03-21,24528,6516,360,NA,NA,30.8,3.67,3.52,12.22,0.29,"FALSE"
2020-03-22,33073,8545,458,NA,NA,29.38,3.72,3.64,11.88,0.75,"FALSE"
2020-03-23,43505,10432,579,NA,NA,29.22,3.61,3.75,13.13,1.39,"FALSE"
2020-03-24,53938,10433,785,NA,NA,26.86,3.67,3.83,11.24,0.85,"FALSE"
2020-03-25,68572,14634,1054,NA,NA,27.57,3.68,3.82,10.63,0.65,"FALSE"
2020-03-26,85570,16998,1353,NA,NA,26.89,3.73,3.82,10.2,0.54,"FALSE"
2020-03-27,102900,17330,1770,NA,NA,25.84,3.59,3.72,9.98,0.49,"FALSE"
2020-03-28,123966,21066,2300,NA,NA,25.8,3.85,3.71,9.98,0.6,"FALSE"
2020-03-29,142486,18520,2718,NA,NA,23.85,3.87,3.72,8.24,0.47,"FALSE"
2020-03-30,163955,21469,3368,NA,NA,23.3,3.73,3.8,9.13,0.42,"FALSE"
2020-03-31,188461,24506,4304,NA,NA,23.25,3.69,3.87,8.79,0.39,"FALSE"
2020-04-01,215391,26930,5325,NA,NA,22.22,3.64,3.96,9.09,0.38,"FALSE"
2020-04-02,245108,29717,6541,NA,NA,21.61,3.65,4.44,9.21,0.33,"FALSE"
2020-04-03,277426,32318,7932,NA,NA,20.84,3.48,3.59,7.95,0.89,"FALSE"
2020-04-04,312525,35099,9488,NA,NA,19.97,3.78,3.64,7.38,0.32,"FALSE"
2020-04-05,338141,25616,10856,NA,NA,19.11,3.91,3.71,7.21,0.32,"FALSE"
2020-04-06,369057,30916,12382,NA,NA,18.58,3.76,3.82,7.8,0.3,"FALSE"
2020-04-07,399394,30337,14616,NA,NA,16.64,3.69,3.86,7.21,0.27,"FALSE"
2020-04-08,431214,31820,16701,NA,NA,15.48,3.66,3.8,6.73,0.25,"FALSE"
2020-04-09,465913,34699,18821,NA,NA,14.51,3.68,3.73,6.13,0.23,"FALSE"
2020-04-10,499386,33473,21084,NA,NA,13.77,3.65,3.57,5.66,0.21,"FALSE"
2020-04-11,531106,31720,23168,NA,NA,13.41,3.87,3.55,5.32,0.21,"FALSE"
2020-04-12,558249,27143,24849,NA,NA,12.23,3.98,3.6,4.97,0.24,"FALSE"
2020-04-13,584018,25769,26613,NA,NA,12.14,3.86,3.79,5.25,0.21,"FALSE"
2020-04-14,610709,26691,29318,NA,NA,11.69,3.77,3.83,5.22,0.2,"FALSE"
2020-04-15,640742,30033,32070,NA,NA,11.46,3.56,3.68,5.15,0.19,"FALSE"
2020-04-16,672355,31613,34418,NA,NA,11.43,3.58,3.72,5.07,0.19,"FALSE"
2020-04-17,703864,31509,36707,NA,NA,10.94,3.56,3.56,4.86,0.18,"FALSE"
2020-04-18,732262,28398,38659,NA,NA,10.62,3.82,3.57,4.41,0.17,"FALSE"
2020-04-19,757596,25334,40179,NA,NA,10.38,3.96,3.77,4.32,0.17,"FALSE"
2020-04-20,784991,27395,42016,NA,NA,10.19,3.82,3.88,4.7,0.16,"FALSE"
2020-04-21,810505,25514,44688,NA,NA,10.11,3.78,4.05,4.69,0.16,"FALSE"
2020-04-22,839336,28831,47059,NA,NA,10.22,3.74,3.94,4.68,0.17,"FALSE"
2020-04-23,873112,33776,49228,NA,NA,10.07,3.74,3.89,4.63,0.16,"FALSE"
2020-04-24,909853,36741,51360,NA,NA,9.53,3.64,3.67,4.48,0.15,"FALSE"
2020-04-25,944261,34408,53326,NA,NA,9.3,3.91,3.7,4.09,0.15,"FALSE"
2020-04-26,970996,26735,54580,NA,NA,9.2,4.06,3.85,4,0.19,"FALSE"
2020-04-27,994193,23197,56022,NA,NA,9.21,3.89,4.01,4.66,0.17,"FALSE"
2020-04-28,1018846,24653,58416,NA,NA,9.19,3.9,4.05,4.83,0.15,"FALSE"
2020-04-29,1045401,26555,60930,NA,NA,9.16,3.79,3.98,4.83,0.13,"FALSE"
2020-04-30,1075758,30357,63140,NA,NA,8.69,3.73,3.9,4.47,0.13,"FALSE"
2020-05-01,1109728,33970,64902,NA,NA,8.18,3.58,3.63,4.04,0.12,"FALSE"
2020-05-02,1139202,29474,66485,NA,NA,8.15,3.8,3.72,3.81,0.11,"FALSE"
2020-05-03,1165342,26140,67816,NA,NA,8.23,3.89,3.87,3.81,0.12,"FALSE"
2020-05-04,1187304,21962,68905,NA,NA,8.22,3.79,3.98,4.32,0.11,"FALSE"
2020-05-05,1211011,23707,71139,NA,NA,8.28,3.74,3.99,6.85,0.11,"FALSE"
2020-05-06,1235519,24508,73847,NA,NA,8.16,3.73,4.03,6.64,0.11,"FALSE"
2020-05-07,1263995,28476,75805,NA,NA,8,3.69,3.96,5.79,0.11,"FALSE"
2020-05-08,1291643,27648,77380,NA,NA,7.82,3.59,3.71,5.86,0.11,"FALSE"
2020-05-09,1316511,24868,78834,NA,NA,7.78,3.74,3.67,6.33,0.11,"FALSE"
2020-05-10,1336828,20317,79765,NA,NA,7.73,3.82,3.71,5.47,0.1,"FALSE"
2020-05-11,1354449,17621,80747,NA,NA,8.2,3.94,4.14,6.46,0.12,"FALSE"
2020-05-12,1376749,22300,82400,NA,NA,7.9,3.85,4.2,6.23,0.11,"FALSE"
2020-05-13,1397894,21145,84168,NA,NA,7.85,3.8,4.1,6.67,0.1,"FALSE"
2020-05-14,1424856,26962,85906,NA,NA,7.78,3.78,3.98,6.26,0.1,"FALSE"
2020-05-15,1451093,26237,87499,NA,NA,7.29,3.64,3.69,5.2,0.1,"FALSE"
2020-05-16,1474752,23659,88724,NA,NA,7.31,3.85,3.69,4.32,0.1,"FALSE"
2020-05-17,1493766,19014,89568,NA,NA,7.14,3.98,3.84,4.15,0.1,"FALSE"
2020-05-18,1515593,21827,90414,NA,NA,7.44,3.93,4.01,4.74,0.3,"FALSE"
2020-05-19,1536570,20977,91934,NA,NA,7.1,3.91,4.23,4.57,0.11,"FALSE"
2020-05-20,1559640,23070,93411,NA,NA,6.99,3.8,4,4.29,0.1,"FALSE"
2020-05-21,1585373,25733,94722,NA,NA,6.9,3.77,4.04,4.26,0.1,"FALSE"
2020-05-22,1609172,23799,96010,NA,NA,6.55,3.67,3.7,3.98,0.09,"FALSE"
2020-05-23,1631440,22268,97060,NA,NA,6.59,3.84,3.68,3.61,0.1,"FALSE"
2020-05-24,1651471,20031,97680,NA,NA,6.59,3.93,3.74,3.4,0.09,"FALSE"
2020-05-25,1670571,19100,98190,NA,NA,6.32,3.98,3.91,3.44,0.09,"FALSE"
2020-05-26,1689467,18896,98937,NA,NA,6.56,3.92,4.02,3.92,0.1,"FALSE"
2020-05-27,1708211,18744,100422,NA,NA,6.53,3.84,4.03,3.86,0.09,"FALSE"
2020-05-28,1730723,22512,101622,NA,NA,6.09,3.76,3.95,3.83,0.09,"FALSE"
2020-05-29,1755271,24548,102812,NA,NA,5.43,3.6,3.65,3.52,0.09,"FALSE"
2020-05-30,1778668,23397,103775,NA,NA,5.33,3.64,3.51,3.12,0.08,"FALSE"
2020-05-31,1799302,20634,104379,NA,NA,5.34,3.63,3.52,2.99,0.09,"FALSE"
2020-06-01,1821199,21897,105113,NA,NA,5.56,3.58,3.69,3.44,0.09,"FALSE"
2020-06-02,1841990,20791,106195,NA,NA,5.36,3.63,3.83,3.44,0.1,"FALSE"
2020-06-03,1861977,19987,107184,NA,NA,5.23,3.67,3.92,3.5,0.12,"FALSE"
2020-06-04,1883593,21616,108192,NA,NA,5.23,3.7,3.89,3.46,0.1,"FALSE"
2020-06-05,1912302,28709,109304,NA,NA,5.12,3.64,3.72,3.42,0.09,"FALSE"
2020-06-06,1934818,22516,110032,NA,NA,5.17,3.79,3.69,3.09,0.1,"FALSE"
2020-06-07,1953434,18616,110422,NA,NA,5.39,3.97,4.03,3.11,0.1,"FALSE"
2020-06-08,1971641,18207,111144,NA,NA,5.72,3.98,4.19,3.58,0.1,"FALSE"
2020-06-09,1990446,18805,112174,NA,NA,5.88,3.94,4.3,3.63,0.1,"FALSE"
2020-06-10,2013298,22852,113103,NA,NA,5.81,3.91,4.29,3.64,0.1,"FALSE"
2020-06-11,2036500,23202,113980,NA,NA,5.76,3.88,4.19,3.78,0.1,"FALSE"
2020-06-12,2061993,25493,114759,NA,NA,5.65,3.81,3.96,3.61,0.11,"FALSE"
2020-06-13,2087327,25334,115451,NA,NA,5.85,3.97,3.95,3.34,0.12,"FALSE"
2020-06-14,2106457,19130,115768,NA,NA,6.08,4.08,4.21,3.25,0.22,"FALSE"
2020-06-15,2126574,20117,116216,NA,NA,6.08,4.05,4.38,3.77,0.15,"FALSE"
2020-06-16,2151459,24885,116985,NA,NA,6.36,4.07,4.45,3.85,0.14,"FALSE"
2020-06-17,2177114,25655,117746,NA,NA,6.39,4.03,4.4,3.96,0.14,"FALSE"
2020-06-18,2205173,28059,118473,NA,NA,6.27,3.97,4.31,3.95,0.14,"FALSE"
2020-06-19,2236009,30836,119171,NA,NA,6.14,3.88,4.09,3.77,0.15,"FALSE"
2020-06-20,2268034,32025,119717,NA,NA,6.16,3.97,4.02,3.64,0.16,"FALSE"
2020-06-21,2294413,26379,119974,NA,NA,6.25,4.09,4.11,3.6,0.18,"FALSE"
2020-06-22,2324879,30466,120334,NA,NA,6.75,4.21,4.51,4.23,0.19,"FALSE"
2020-06-23,2359939,35060,121167,NA,NA,6.85,4.19,4.62,4.31,0.19,"FALSE"
2020-06-24,2396928,36989,121934,NA,NA,7.04,4.16,4.65,4.42,0.19,"FALSE"
2020-06-25,2438101,41173,124400,NA,NA,7.34,4.11,4.59,4.53,0.19,"FALSE"
2020-06-26,2483629,45528,125033,NA,NA,7.74,4,4.24,4.5,0.19,"FALSE"
2020-06-27,2525928,42299,125544,NA,NA,7.66,4.14,4.26,4.31,0.21,"FALSE"
2020-06-28,2565436,39508,125815,NA,NA,7.51,4.25,4.35,4.16,0.22,"FALSE"
2020-06-29,2604932,39496,126162,NA,NA,8.05,4.23,4.52,4.72,0.21,"FALSE"
2020-06-30,2653321,48389,127462,NA,NA,8.06,4.18,4.53,4.7,0.22,"FALSE"
2020-07-01,2703296,49975,128104,NA,NA,7.85,4.1,4.42,4.73,0.22,"FALSE"
2020-07-02,2758855,55559,128827,NA,NA,7.78,3.99,4.26,4.69,0.22,"FALSE"
2020-07-03,2816009,57154,129418,NA,NA,7.63,3.96,4,4.39,0.23,"FALSE"
2020-07-04,2866015,50006,129679,NA,NA,7.27,3.99,3.88,4.04,0.24,"FALSE"
2020-07-05,2910782,44767,129941,NA,NA,7.83,4.27,4.39,4.24,0.25,"FALSE"
2020-07-06,2958098,47316,130332,NA,NA,8.24,4.23,4.53,4.85,0.26,"FALSE"
2020-07-07,3012182,54084,131290,NA,NA,8.39,4.3,4.72,5.13,0.25,"FALSE"
2020-07-08,3071637,59455,132238,NA,NA,8.31,4.3,4.69,5.18,0.25,"FALSE"
2020-07-09,3131526,59889,133079,NA,NA,7.94,4.22,4.53,5.07,0.25,"FALSE"
2020-07-10,3199753,68227,133907,NA,NA,7.73,4.11,4.23,4.71,0.24,"FALSE"
2020-07-11,3260474,60721,134582,NA,NA,7.71,4.21,4.18,4.39,0.24,"FALSE"
2020-07-12,3318279,57805,134977,NA,NA,7.94,4.35,4.39,4.63,0.25,"FALSE"
2020-07-13,3379846,61567,135402,NA,NA,8.17,4.33,4.59,5.76,0.23,"FALSE"
2020-07-14,3445448,65602,136356,NA,NA,8.12,4.25,4.61,4.99,0.23,"FALSE"
2020-07-15,3513790,68342,137327,NA,NA,7.89,4.11,4.5,4.83,0.22,"FALSE"
2020-07-16,3589477,75687,138285,NA,NA,7.81,4.09,4.44,4.79,0.21,"FALSE"
2020-07-17,3660400,70923,139186,NA,NA,7.48,4,4.17,4.52,0.21,"FALSE"
2020-07-18,3722851,62451,139961,NA,NA,7.46,4.13,4.11,4.22,0.22,"FALSE"
2020-07-19,3785126,62275,140373,NA,NA,7.52,4.25,4.28,4.29,0.28,"FALSE"
2020-07-20,3845014,59888,140904,NA,NA,7.59,4.24,4.5,4.8,0.24,"FALSE"
2020-07-21,3910291,65277,142031,NA,NA,7.4,4.23,4.55,4.57,0.2,"FALSE"
2020-07-22,3980030,69739,143167,NA,NA,7.19,4.15,4.47,4.34,0.21,"FALSE"
2020-07-23,4050036,70006,144283,NA,NA,7.04,4.22,4.41,4.26,0.19,"FALSE"
2020-07-24,4123561,73525,145429,NA,NA,6.78,4.05,4.12,4.08,0.19,"FALSE"
2020-07-25,4190337,66776,146313,NA,NA,6.76,4.15,4.06,3.78,0.2,"FALSE"
2020-07-26,4244554,54217,146753,NA,NA,6.87,4.29,4.24,3.81,0.19,"FALSE"
2020-07-27,4303735,59181,148449,NA,NA,7.1,4.3,4.44,4.34,0.19,"FALSE"
2020-07-28,4366851,63116,149776,NA,NA,7.28,4.26,4.49,4.4,0.19,"FALSE"
2020-07-29,4433633,66782,151172,NA,NA,7.17,4.2,4.45,4.44,0.19,"FALSE"
2020-07-30,4502581,68948,152433,NA,NA,7.01,4.12,4.28,4.19,0.17,"FALSE"
2020-07-31,4571669,69088,153862,NA,NA,6.63,3.95,3.97,4,0.17,"FALSE"
2020-08-01,4628497,56828,154917,NA,NA,6.61,4.06,3.94,3.75,0.17,"FALSE"
2020-08-02,4679291,50794,155337,NA,NA,6.73,4.22,4.11,3.73,0.17,"FALSE"
2020-08-03,4726775,47484,155945,NA,NA,6.74,4.18,4.33,4.1,0.17,"FALSE"
2020-08-04,4780324,53549,157301,NA,NA,6.61,4.08,4.3,4.01,0.15,"FALSE"
2020-08-05,4834047,53723,158554,NA,NA,6.62,4.05,4.37,4,0.16,"FALSE"
2020-08-06,4891561,57514,159625,NA,NA,6.62,4.04,4.38,4.03,0.15,"FALSE"
2020-08-07,4952718,61157,160981,NA,NA,6.4,3.93,4.11,3.83,0.14,"FALSE"
2020-08-08,5007958,55240,161947,NA,NA,6.49,4.09,4.13,3.59,0.14,"FALSE"
2020-08-09,5056438,48480,162486,NA,NA,6.59,4.19,4.3,3.55,0.15,"FALSE"
2020-08-10,5103611,47173,163023,NA,NA,6.51,4.08,4.38,3.9,0.14,"FALSE"
2020-08-11,5156968,53357,164474,NA,NA,6.41,4.07,4.44,3.87,0.13,"FALSE"
2020-08-12,5211246,54278,165952,NA,NA,6.34,4.04,4.39,3.88,0.13,"FALSE"
2020-08-13,5265307,54061,167165,NA,NA,6.29,3.98,4.32,3.82,0.13,"FALSE"
2020-08-14,5324784,59477,168341,NA,NA,6.01,3.85,3.98,3.64,0.12,"FALSE"
2020-08-15,5375527,50743,169400,NA,NA,6.14,4.08,3.95,3.46,0.13,"FALSE"
2020-08-16,5417664,42137,169915,NA,NA,6.21,4.15,4.11,3.39,0.13,"FALSE"
2020-08-17,5455187,37523,170449,NA,NA,6.15,4.03,4.25,3.73,0.12,"FALSE"
2020-08-18,5498420,43233,171798,NA,NA,6.17,3.99,4.33,3.77,0.12,"FALSE"
2020-08-19,5541433,43013,173093,NA,NA,6.09,3.89,4.28,3.67,0.12,"FALSE"
2020-08-20,5587475,46042,174136,NA,NA,5.97,3.86,4.28,3.61,0.12,"FALSE"
2020-08-21,5636491,49016,175297,NA,NA,5.79,3.79,4.01,3.49,0.12,"FALSE"
2020-08-22,5681517,45026,176247,NA,NA,6,4.02,3.98,3.37,0.12,"FALSE"
2020-08-23,5713850,32333,176693,NA,NA,6.07,4.08,4.1,3.29,0.13,"FALSE"
2020-08-24,5754254,40404,177197,NA,NA,5.96,3.96,4.25,3.59,0.12,"FALSE"
2020-08-25,5793385,39131,178410,NA,NA,5.95,3.92,4.34,3.58,0.12,"FALSE"
2020-08-26,5838532,45147,179603,NA,NA,5.88,3.81,4.23,3.56,0.11,"FALSE"
2020-08-27,5884368,45836,180729,NA,NA,5.83,3.8,4.21,3.49,0.11,"FALSE"
2020-08-28,5930932,46564,181739,NA,NA,5.61,5.47,3.95,3.34,0.11,"FALSE"
2020-08-29,5975541,44609,182610,NA,NA,5.91,6,4.02,3.23,0.13,"FALSE"
2020-08-30,6008970,33429,182984,NA,NA,6.08,4.95,4.11,3.25,0.13,"FALSE"
2020-08-31,6045457,36487,183472,NA,NA,6.2,4.97,4.43,3.59,0.13,"FALSE"
2020-09-01,6089506,44049,184563,NA,NA,6.07,4.44,4.46,3.53,0.13,"FALSE"
2020-09-02,6121950,32444,185639,NA,NA,6.08,4.27,4.53,3.56,0.12,"FALSE"
2020-09-03,6168347,46397,186717,NA,NA,5.99,4.14,4.42,3.53,0.12,"FALSE"
2020-09-04,6220448,52101,187697,NA,NA,5.8,3.95,4.02,3.34,0.12,"FALSE"
2020-09-05,6262701,42253,188409,NA,NA,6.08,4.17,3.97,3.29,0.13,"FALSE"
2020-09-06,6292699,29998,188820,NA,NA,6.21,4.29,4.06,3.31,0.14,"FALSE"
2020-09-07,6317865,25166,189083,NA,NA,6.27,4.32,4.24,3.32,0.13,"FALSE"
2020-09-08,6346807,28942,189541,NA,NA,6.23,4.14,4.38,3.6,0.12,"FALSE"
2020-09-09,6380139,33332,190716,NA,NA,6.34,4.1,4.48,3.61,0.12,"FALSE"
2020-09-10,6418200,38061,191631,NA,NA,6.28,4,4.43,3.53,0.12,"FALSE"
2020-09-11,6465767,47567,192858,NA,NA,6.01,3.85,4.05,3.39,0.12,"FALSE"
2020-09-12,6504871,39104,193559,NA,NA,6.24,4.19,3.94,3.25,0.13,"FALSE"
2020-09-13,6538214,33343,193958,NA,NA,6.25,4.22,4.12,3.26,0.13,"FALSE"
2020-09-14,6575101,36887,194408,NA,NA,6.38,4.15,4.53,3.57,0.13,"FALSE"
2020-09-15,6614318,39217,195689,NA,NA,6.48,4.07,4.58,3.73,0.12,"FALSE"
2020-09-16,6653586,39268,196686,NA,NA,6.49,4.03,4.55,3.65,0.12,"FALSE"
2020-09-17,6698896,45310,197535,NA,NA,6.4,3.96,4.47,3.68,0.12,"FALSE"
2020-09-18,6747783,48887,198484,NA,NA,6.1,3.79,4.05,3.39,0.12,"FALSE"
2020-09-19,6789594,41811,199154,NA,NA,6.57,4.02,3.89,3.23,0.13,"FALSE"
2020-09-20,6825950,36356,199367,NA,NA,6.87,4.08,4.06,3.31,0.14,"FALSE"
2020-09-21,6880902,54952,199797,NA,NA,7.27,4.06,4.57,3.74,0.14,"FALSE"
2020-09-22,6918293,37391,200738,NA,NA,7.41,4.04,4.65,3.72,0.14,"FALSE"
2020-09-23,6959842,41549,201828,NA,NA,7.14,3.99,4.63,3.68,0.13,"FALSE"
2020-09-24,7005046,45204,202713,NA,NA,6.71,3.92,4.54,3.62,0.14,"FALSE"
2020-09-25,7059627,54581,203566,NA,NA,6.38,3.8,4.16,3.35,0.13,"FALSE"
2020-09-26,7102322,42695,204335,NA,NA,6.59,4.04,4.04,3.25,0.14,"FALSE"
2020-09-27,7139620,37298,204602,NA,NA,6.68,4.19,4.2,3.27,0.15,"FALSE"
2020-09-28,7176980,37360,204952,NA,NA,6.9,4.13,4.54,3.56,0.14,"FALSE"
2020-09-29,7220677,43697,205878,NA,NA,6.9,3.98,4.49,3.52,0.14,"FALSE"
2020-09-30,7262735,42058,206852,NA,NA,6.61,3.88,4.58,3.44,0.14,"FALSE"
2020-10-01,7309153,46418,207699,NA,NA,6.78,3.81,4.38,3.45,0.24,"FALSE"
2020-10-02,7362733,53580,208564,NA,NA,7.54,3.67,4.93,3.91,0.15,"FALSE"
2020-10-03,7410512,47779,209273,NA,NA,7.78,3.96,4.2,3.83,0.17,"FALSE"
2020-10-04,7445575,35063,209606,NA,NA,7.83,4.08,4.4,3.83,0.17,"FALSE"
2020-10-05,7507988,62413,210035,NA,NA,8.06,4.05,4.74,4.32,0.16,"FALSE"
2020-10-06,7550850,42862,210756,NA,NA,8.37,3.97,4.89,4.27,0.16,"FALSE"
2020-10-07,7603867,53017,211752,NA,NA,7.74,3.87,4.67,4,0.15,"FALSE"
2020-10-08,7660249,56382,212680,NA,NA,7.51,3.82,4.53,3.8,0.14,"FALSE"
2020-10-09,7719211,58962,213595,NA,NA,6.99,3.77,4.14,3.62,0.14,"FALSE"
2020-10-10,7770859,51648,214187,NA,NA,7.1,4.04,4.06,3.44,0.17,"FALSE"
2020-10-11,7815642,44783,214606,NA,NA,7.03,4.13,4.14,3.38,0.18,"FALSE"
2020-10-12,7863658,48016,214957,NA,NA,7.19,4.08,4.5,3.68,0.17,"FALSE"
2020-10-13,7918051,54393,215783,NA,NA,7.14,3.94,4.5,3.66,0.15,"FALSE"
2020-10-14,7977904,59853,216792,NA,NA,7.16,3.87,4.53,3.66,0.15,"FALSE"
2020-10-15,8043257,65353,217585,NA,NA,7.09,3.83,4.45,3.63,0.15,"FALSE"
2020-10-16,8113721,70464,218476,NA,NA,6.85,3.71,4.04,3.41,0.15,"FALSE"
2020-10-17,8166482,52761,219154,NA,NA,7.18,3.91,3.87,3.31,0.18,"FALSE"
2020-10-18,8214364,47882,219541,NA,NA,7.35,4.06,4.12,3.36,0.17,"FALSE"
2020-10-19,8279804,65440,220058,NA,NA,7.46,4.03,4.72,3.79,0.17,"FALSE"
2020-10-20,8340398,60594,220987,NA,NA,7.44,4.01,4.82,3.78,0.17,"FALSE"
2020-10-21,8404635,64237,222195,NA,NA,7.31,3.98,4.69,3.75,0.19,"FALSE"
2020-10-22,8479765,75130,223023,NA,NA,7.1,3.86,4.47,3.64,0.17,"FALSE"
2020-10-23,8565062,85297,223953,NA,NA,6.75,3.75,4.13,3.38,0.17,"FALSE"
2020-10-24,8643641,78579,224825,NA,NA,7.08,3.94,3.87,3.23,0.19,"FALSE"
2020-10-25,8703356,59715,225164,NA,NA,7.38,4.06,4.03,3.3,0.2,"FALSE"
2020-10-26,8777994,74638,225701,NA,NA,7.71,3.99,4.5,3.68,0.19,"FALSE"
2020-10-27,8852381,74387,226684,NA,NA,7.84,4,4.63,3.73,0.18,"FALSE"
2020-10-28,8934263,81882,227702,NA,NA,7.84,3.94,4.48,3.78,0.19,"FALSE"
2020-10-29,9024932,90669,228706,NA,NA,7.59,3.8,4.37,3.68,0.21,"FALSE"
2020-10-30,9124800,99868,229674,NA,NA,7.36,3.59,3.86,3.42,0.2,"FALSE"
2020-10-31,9209007,84207,230512,NA,NA,7.29,3.63,3.51,3.24,0.21,"FALSE"
2020-11-01,9283202,74195,230940,NA,NA,7.93,4.03,4.03,3.49,0.24,"FALSE"
2020-11-02,9377208,94006,231480,NA,NA,8.09,3.79,4.22,3.83,0.23,"FALSE"
2020-11-03,9469624,92416,232610,NA,NA,7.53,3.47,3.87,3.63,0.19,"FALSE"
2020-11-04,9577702,108078,234226,NA,NA,7.25,3.41,3.94,3.56,0.19,"FALSE"
2020-11-05,9699051,121349,235334,NA,NA,7.65,3.63,4.16,3.77,0.22,"FALSE"
2020-11-06,9831874,132823,236582,NA,NA,7.33,3.58,3.92,3.68,0.23,"TRUE"
2020-11-07,9957805,125931,237589,NA,NA,7.34,3.66,3.57,3.4,0.26,"TRUE"
2020-11-08,10061128,103323,238053,NA,NA,8.18,4.08,4.14,3.62,0.31,"FALSE"
2020-11-09,10191572,130444,238798,NA,NA,8.27,4.05,4.63,4.05,0.29,"TRUE"
2020-11-10,10331256,139684,240262,NA,NA,8.17,3.96,4.62,4.04,0.29,"TRUE"
2020-11-11,10474295,143039,241693,NA,NA,8.17,3.93,4.46,3.98,0.31,"TRUE"
2020-11-12,10637946,163651,242865,NA,NA,8.27,3.87,4.42,3.98,0.29,"TRUE"
2020-11-13,10819442,181496,244255,NA,NA,8.06,3.71,4.04,3.78,0.29,"TRUE"
2020-11-14,10978475,159033,245465,NA,NA,8.49,4,4,3.74,0.32,"TRUE"
2020-11-15,11113661,135186,246088,NA,NA,8.65,4.08,4.12,3.82,0.35,"TRUE"
2020-11-16,11280224,166563,246884,NA,NA,8.83,3.99,4.55,4.25,0.33,"TRUE"
2020-11-17,11441855,161631,248491,NA,NA,9,3.93,4.6,4.24,0.3,"TRUE"
2020-11-18,11614135,172280,250415,NA,NA,9.24,3.83,4.49,4.22,0.31,"TRUE"
2020-11-19,11801643,187508,252376,NA,NA,9.02,3.77,4.39,4.28,0.29,"TRUE"
2020-11-20,12000502,198859,254333,NA,NA,8.48,3.7,4.11,4.02,0.29,"TRUE"
2020-11-21,12172435,171933,255758,NA,NA,8.75,4,3.94,3.86,0.33,"TRUE"
2020-11-22,12313229,140794,256601,NA,NA,8.69,4.11,4.06,3.86,0.34,"TRUE"
2020-11-23,12492852,179623,257639,NA,NA,8.64,4,4.26,4.04,0.35,"TRUE"
2020-11-24,12670710,177858,259848,NA,NA,8.57,3.93,4.2,4.01,0.37,"TRUE"
2020-11-25,12851300,180590,262161,NA,NA,8.3,3.81,3.78,3.86,0.36,"TRUE"
2020-11-26,12954294,102994,263339,NA,NA,7.53,3.88,3.64,3.56,0.36,"FALSE"
2020-11-27,13160133,205839,264751,NA,NA,7.83,3.95,3.73,3.47,0.33,"TRUE"
2020-11-28,13311541,151408,265943,NA,NA,8.16,4.07,3.87,3.68,0.34,"TRUE"
2020-11-29,13447663,136122,266761,NA,NA,8.7,4.16,4.12,3.79,0.37,"TRUE"
2020-11-30,13615321,167658,268031,NA,NA,8.6,3.97,4.34,4.09,0.32,"TRUE"
2020-12-01,13799549,184228,270639,NA,NA,8.7,3.93,4.47,4.01,0.32,"TRUE"
2020-12-02,14000721,201172,273525,NA,NA,8.84,3.88,4.44,4.04,0.32,"TRUE"
2020-12-03,14218459,217738,276381,NA,NA,8.86,3.84,4.46,4.03,0.32,"TRUE"
2020-12-04,14449827,231368,279018,NA,NA,8.61,3.72,4.14,3.88,0.32,"TRUE"
2020-12-05,14655535,205708,281208,NA,NA,8.82,3.94,3.8,3.68,0.35,"TRUE"
2020-12-06,14827456,171921,282319,NA,NA,8.84,4.05,4.03,3.75,0.36,"TRUE"
2020-12-07,15031979,204523,283853,NA,NA,8.79,4.35,4.41,4.13,0.33,"TRUE"
2020-12-08,15251693,219714,286674,NA,NA,8.88,4.05,4.45,4.12,0.33,"TRUE"
2020-12-09,15471409,219716,289830,NA,NA,8.73,3.89,4.42,4.12,0.32,"TRUE"
2020-12-10,15697131,225722,292771,NA,NA,8.44,3.85,4.29,3.98,0.3,"TRUE"
2020-12-11,15977147,280016,295726,NA,NA,8.03,3.75,3.92,3.75,0.31,"TRUE"
2020-12-12,16184679,207532,297981,NA,NA,8.29,3.99,3.75,3.66,0.37,"TRUE"
2020-12-13,16368898,184219,299338,NA,NA,8.33,4.12,3.91,3.66,0.38,"TRUE"
2020-12-14,16569783,200885,301016,NA,NA,8.31,3.96,4.17,3.8,0.33,"TRUE"
2020-12-15,16772936,203153,304041,NA,NA,8.3,3.81,4.18,3.85,0.33,"TRUE"
2020-12-16,17017763,244827,307652,NA,NA,8.27,3.74,4.04,3.87,0.32,"TRUE"
2020-12-17,17255472,237709,310950,NA,NA,8.31,3.74,3.99,3.76,0.33,"TRUE"
2020-12-18,17506662,251190,313820,NA,NA,8.28,3.66,3.82,3.65,0.34,"TRUE"
2020-12-19,17700567,193905,316381,NA,NA,8.61,3.89,3.69,3.65,0.4,"TRUE"
2020-12-20,17880478,179911,317810,556208,0,8.71,4.06,3.83,3.66,0.43,"TRUE"
2020-12-21,18081996,201518,319773,614117,57909,8.54,3.98,3.97,3.79,0.4,"TRUE"
2020-12-22,18283633,201637,323012,NA,NA,8.51,3.93,3.98,3.79,0.4,"TRUE"
2020-12-23,18511396,227763,326424,1008025,NA,8.45,3.86,3.74,3.77,0.4,"TRUE"
2020-12-24,18704907,193511,329248,NA,NA,7.89,3.65,3.27,3.48,0.4,"TRUE"
2020-12-25,18805838,100931,330377,NA,NA,7.48,3.84,3.19,3.22,0.4,"FALSE"
2020-12-26,19022699,216861,332023,1944585,NA,8.93,4.14,3.76,3.56,0.42,"TRUE"
2020-12-27,19174788,152089,333253,NA,NA,9.36,4.34,4.33,3.76,0.46,"TRUE"
2020-12-28,19363798,189010,335152,2127143,NA,9.52,4.3,4.38,4.07,0.45,"TRUE"
2020-12-29,19564828,201030,338780,NA,NA,9.67,4.24,4.39,4.14,0.41,"TRUE"
2020-12-30,19793777,228949,342588,2794588,NA,9.54,4.13,4.24,4.21,0.4,"TRUE"
2020-12-31,20024801,231024,346050,NA,NA,8.54,3.83,3.58,3.83,0.39,"TRUE"
2021-01-01,20172049,147248,347970,NA,NA,8.65,4.39,3.85,3.56,0.43,"TRUE"
2021-01-02,20463659,291610,350343,4225756,NA,8.99,4.41,4.15,3.71,0.48,"TRUE"
2021-01-03,20665439,201780,351694,NA,NA,9.07,4.47,4.24,3.76,0.51,"TRUE"
2021-01-04,20917269,251830,353743,4563260,NA,8.74,4.29,4.48,4.01,0.41,"TRUE"
2021-01-05,21152285,235016,357432,4836469,273209,8.68,4.2,4.63,4.09,0.38,"TRUE"
2021-01-06,21408251,255966,361396,5306797,470328,7.9,3.89,4.29,3.82,0.33,"TRUE"
2021-01-07,21688585,280334,365509,5919418,612621,7.94,3.95,4.44,3.79,0.35,"TRUE"
2021-01-08,21989362,300777,369404,6688231,768813,7.84,3.88,4.17,3.66,0.35,"TRUE"
2021-01-09,22241281,251919,372663,NA,NA,8.2,4.12,3.94,3.54,0.38,"TRUE"
2021-01-10,22449576,208295,374440,NA,NA,8.12,4.19,4.06,3.46,0.37,"TRUE"
2021-01-11,22675892,226316,376488,8987322,NA,7.89,4.09,4.41,3.71,0.34,"TRUE"
2021-01-12,22905869,229977,380894,9327138,339816,7.89,4.1,4.59,3.76,0.31,"TRUE"
2021-01-13,23135194,229325,384824,10278462,951324,7.72,3.99,4.52,3.75,0.3,"TRUE"
2021-01-14,23374716,239522,388804,11148991,870529,7.64,4.01,4.54,3.77,0.29,"TRUE"
2021-01-15,23614569,239853,392553,12279180,1130189,7.4,3.94,4.14,3.62,0.28,"TRUE"
2021-01-16,23816762,202193,395894,NA,NA,7.73,4.18,3.99,3.46,0.32,"TRUE"
2021-01-17,23986856,170094,397624,NA,NA,7.71,4.35,4.13,3.44,0.33,"TRUE"
2021-01-18,24127989,141133,399065,NA,NA,7.73,4.4,4.44,3.62,0.31,"TRUE"
2021-01-19,24314933,186944,401836,15707588,NA,7.63,4.16,4.53,3.69,0.28,"TRUE"
2021-01-20,24500421,185488,406216,16525281,817693,7.07,3.92,4.31,3.52,0.24,"TRUE"
2021-01-21,24690903,190482,410351,17546374,1021093,7.32,4.04,4.54,3.67,0.27,"TRUE"
2021-01-22,24882468,191565,414082,19107959,1561585,7.02,3.94,4.14,3.46,0.26,"TRUE"
2021-01-23,25050385,167917,417404,20537990,1430031,7.35,4.17,3.99,3.31,0.28,"TRUE"
2021-01-24,25180061,129676,419219,21848655,1310665,7.48,4.35,4.15,3.36,0.28,"TRUE"
2021-01-25,25336637,156576,421126,22734243,885588,7.33,4.31,4.53,3.6,0.25,"TRUE"
2021-01-26,25487275,150638,425224,23540994,806751,7.29,4.25,4.65,3.78,0.25,"TRUE"
2021-01-27,25643045,155770,429326,24652634,1111640,7.21,4.12,4.64,3.62,0.25,"TRUE"
2021-01-28,25809220,166175,433194,26193682,1541048,7.08,4.04,4.47,3.54,0.23,"TRUE"
2021-01-29,25973835,164615,436794,27884661,1690979,6.91,3.89,4.13,3.36,0.22,"TRUE"
2021-01-30,26107635,133800,439435,29577902,1693241,7.19,4.2,4.01,3.3,0.25,"TRUE"
2021-01-31,26221675,114040,441299,31123299,1545397,7.03,4.27,4.08,3.21,0.26,"FALSE"
2021-02-01,26363284,141609,443249,32222402,1099103,6.84,4.23,4.4,3.38,0.23,"TRUE"
2021-02-02,26478540,115256,446860,32780860,558458,7.05,4.2,4.58,3.46,0.23,"FALSE"
2021-02-03,26598723,120183,450703,33878254,1097394,6.97,4.16,4.64,3.52,0.21,"FALSE"
2021-02-04,26724359,125636,455820,35203710,1325456,6.9,4.12,4.59,3.54,0.22,"TRUE"
2021-02-05,26853860,129501,459390,36819212,1615502,6.6,3.97,4.23,3.37,0.21,"TRUE"
2021-02-06,26958807,104947,462052,39037964,2218752,6.9,4.22,4.07,3.28,0.22,"FALSE"
2021-02-07,27046088,87281,463353,41210937,2172973,6.6,4.19,3.93,3.07,0.21,"FALSE"
2021-02-08,27139070,92982,464936,42417617,1206680,6.83,4.3,4.57,3.39,0.2,"FALSE"
2021-02-09,27235460,96390,468106,43206190,788573,6.88,4.22,4.67,3.44,0.19,"FALSE"
2021-02-10,27330435,94975,471360,44769970,1563780,6.73,4.08,4.58,3.42,0.19,"FALSE"
2021-02-11,27436075,105640,475238,46390270,1620300,6.56,3.95,4.39,3.36,0.18,"FALSE"
2021-02-12,27535702,99627,480701,48410558,2020288,6.34,3.85,3.94,3.27,0.17,"FALSE"
2021-02-13,27620354,84652,484073,50641884,2231326,6.53,4.08,3.79,3.19,0.2,"FALSE"
2021-02-14,27684134,63780,485154,52884356,2242472,6.37,4.16,3.72,2.97,0.19,"FALSE"
2021-02-15,27739406,55272,486148,NA,NA,6.57,4.26,4.24,3.15,0.18,"FALSE"
2021-02-16,27803946,64540,487855,55220364,NA,6.57,4.13,4.42,3.18,0.17,"FALSE"
2021-02-17,27874107,70161,490326,56281827,1061463,6.52,4.05,4.43,3.26,0.17,"FALSE"
2021-02-18,27945898,71791,492951,57737767,1455940,6.45,4.11,4.42,3.2,0.16,"FALSE"
2021-02-19,28023910,78012,495572,59585043,1847276,6.24,4.04,4.22,3.06,0.16,"FALSE"
2021-02-20,28093630,69720,497403,61289500,1704457,6.48,4.28,4.15,3.04,0.17,"FALSE"
2021-02-21,28148810,55180,498650,63090634,1801134,6.58,4.42,4.44,3.02,0.19,"FALSE"
2021-02-22,28208276,59466,500104,64177474,1086840,6.63,4.35,4.89,3.23,0.17,"FALSE"
2021-02-23,28280189,71913,502432,65032083,854609,6.39,4.25,4.98,3.29,0.18,"FALSE"
2021-02-24,28354383,74194,505642,66464947,1432864,6.25,4.16,4.83,3.21,0.17,"FALSE"
2021-02-25,28432265,77882,508107,68274117,1809170,6.21,4.07,4.69,3.2,0.16,"FALSE"
2021-02-26,28510582,78317,510283,70454064,2179947,5.92,3.91,4.27,3.08,0.17,"FALSE"
2021-02-27,28573256,62674,511850,72806180,2352116,6.08,4.14,4.14,3.03,0.19,"FALSE"
2021-02-28,28624161,50905,512979,75236003,2429823,6.03,4.31,4.35,2.96,0.17,"FALSE"
2021-03-01,28680857,56696,514404,76899987,1663984,6.03,4.21,4.65,3.08,0.17,"FALSE"
2021-03-02,28738501,57644,515710,78631601,1731614,6.25,4.11,4.75,3.16,0.16,"FALSE"
2021-03-03,28805113,66612,518079,80540474,1908873,6.2,4.04,4.76,3.2,0.16,"FALSE"
2021-03-04,28872395,67282,520028,82572848,2032374,6.13,4.03,4.67,3.17,0.16,"FALSE"
2021-03-05,28938090,65695,522511,85008094,2435246,5.98,3.93,4.21,3.05,0.15,"FALSE"
2021-03-06,28994675,56585,523970,87912323,2904229,6.23,4.13,4.1,2.98,0.16,"FALSE"
2021-03-07,29034739,40064,524646,90351750,2439427,6.44,4.25,4.24,2.98,0.17,"FALSE"
2021-03-08,29129252,94513,525466,92089852,1738102,6.39,4.19,4.62,3.18,0.16,"FALSE"
2021-03-09,29185151,55899,527351,93692598,1602746,6.4,4.14,4.76,3.25,0.15,"FALSE"
2021-03-10,29243346,58195,528825,95721290,2028692,6.29,4.07,4.65,3.24,0.15,"FALSE"
2021-03-11,29305733,62387,530349,98203893,2482603,6.22,4.03,4.54,3.23,0.15,"FALSE"
2021-03-12,29369899,64166,532054,101128005,2924112,5.88,3.9,4.16,3.05,0.14,"FALSE"
2021-03-13,29419456,49557,533928,105703501,4575496,6.11,4.09,3.98,3.02,0.15,"FALSE"
2021-03-14,29457445,37989,534497,107060274,1356773,6.06,4.15,4.07,2.89,0.2,"FALSE"
2021-03-15,29514609,57164,535250,109081860,2021586,6.28,4.2,4.53,3.08,0.2,"FALSE"
2021-03-16,29569140,54531,536494,110737856,1655996,6.43,4.18,4.71,3.21,0.18,"FALSE"
2021-03-17,29628071,58931,537671,113037627,2299771,6.13,3.99,4.44,3.19,0.16,"FALSE"
2021-03-18,29688541,60470,539229,115730008,2692381,6.22,4.03,4.49,3.18,0.16,"FALSE"
2021-03-19,29749164,60623,540743,118313818,2583810,5.98,3.87,4.12,3.03,0.15,"FALSE"
2021-03-20,29803589,54425,541515,121441497,3127679,6.29,4.06,3.98,2.99,0.16,"FALSE"
2021-03-21,29837782,34193,541963,124481412,3039915,6.47,4.22,4.17,3.03,0.17,"FALSE"
2021-03-22,29892498,54716,542611,126509736,2028324,6.57,4.19,4.58,3.22,0.17,"FALSE"
2021-03-23,29949244,56746,543504,128217029,1707293,6.62,4.13,4.75,3.3,0.21,"FALSE"
2021-03-24,30029147,79903,545094,130473853,2256824,6.59,4.09,4.7,3.34,0.21,"FALSE"
2021-03-25,30098263,69116,546364,133305295,2831442,6.42,4.05,4.57,3.37,0.23,"FALSE"
2021-03-26,30172762,74499,547624,136684688,3379393,6.19,3.92,4.14,3.29,0.2,"FALSE"
2021-03-27,30233462,60700,548404,140180735,3496047,6.35,4.21,4,3.18,0.21,"FALSE"
2021-03-28,30277977,44515,548894,143462691,3281956,6.48,4.34,4.25,3.2,0.24,"FALSE"
2021-03-29,30348716,70739,549579,145812835,2350144,6.62,4.27,4.54,3.29,0.22,"FALSE"
2021-03-30,30410950,62234,550526,147602345,1789510,6.82,4.23,4.67,3.47,0.24,"FALSE"
2021-03-31,30478886,67936,551661,150273292,2670947,6.8,4.08,4.56,3.52,0.22,"FALSE"
2021-04-01,30556079,77193,552618,153631404,3358112,6.65,3.92,4.31,3.45,0.21,"FALSE"
2021-04-02,30624668,68589,553574,157606463,3975059,6.86,3.92,4.09,3.38,0.2,"FALSE"
2021-04-03,30688804,64136,554327,161688422,4081959,6.95,4.06,4.01,3.35,0.2,"FALSE"
2021-04-04,30725627,36823,554599,165053746,3365324,6.84,4.18,4.13,3.26,0.2,"FALSE"
2021-04-05,30802221,76594,555129,167187795,2134049,7.1,4.23,4.67,3.47,0.19,"FALSE"
2021-04-06,30864193,61972,556038,168592075,1404280,7.28,4.21,4.79,3.71,0.18,"FALSE"
2021-04-07,30937283,73090,558609,171476655,2884580,7.24,4.15,4.79,3.84,0.19,"FALSE"
2021-04-08,31017741,80458,559611,174879716,3403061,7.11,4.09,4.64,3.85,0.19,"FALSE"
2021-04-09,31099323,81582,560557,178837781,3958065,6.78,3.95,4.19,3.66,0.17,"FALSE"
2021-04-10,31164081,64758,561261,183467709,4629928,6.98,4.21,4.07,3.62,0.19,"FALSE"
2021-04-11,31212058,47977,561562,187047131,3579422,6.98,4.34,4.28,3.52,0.2,"FALSE"
2021-04-12,31283990,71932,562027,189692045,2644914,6.99,4.35,4.69,3.66,0.18,"FALSE"
2021-04-13,31361311,77321,563010,192282781,2590736,7.22,4.3,4.81,3.78,0.17,"FALSE"
2021-04-14,31437061,75750,563945,194791836,2509055,7.1,4.21,4.79,3.71,0.18,"FALSE"
2021-04-15,31510755,73694,564862,198317040,3525204,7,4.18,4.67,3.84,0.17,"FALSE"
2021-04-16,31589109,78354,565797,202282923,3965883,6.75,4.03,4.24,3.56,0.16,"FALSE"
2021-04-17,31642983,53874,566474,205871913,3588990,7.06,4.24,4.15,3.5,0.17,"FALSE"
2021-04-18,31684382,41399,566832,209406814,3534901,7.15,4.38,4.42,3.45,0.17,"FALSE"
2021-04-19,31754642,70260,567317,211581309,2174495,7.24,4.38,4.86,3.58,0.17,"FALSE"
2021-04-20,31815666,61024,568149,213388238,1806929,7.23,4.24,4.79,3.64,0.16,"FALSE"
2021-04-21,31878161,62495,568989,215951909,2563671,7.38,4.24,4.83,3.71,0.17,"FALSE"
2021-04-22,31944402,66241,569900,218947643,2995734,7.4,4.2,4.75,3.74,0.16,"FALSE"
2021-04-23,32008186,63784,570773,222322230,3374587,7.19,4.07,4.36,3.69,0.14,"FALSE"
2021-04-24,32058654,50468,571498,225640460,3318230,7.36,4.29,4.18,3.55,0.17,"FALSE"
2021-04-25,32092245,33591,571780,228661408,3020948,7.25,4.42,4.37,3.44,0.17,"FALSE"
2021-04-26,32139580,47335,572259,230768454,2107046,7.31,4.41,4.8,3.55,0.16,"FALSE"
2021-04-27,32191457,51877,572972,232407669,1639215,7.47,4.26,5.01,3.74,0.17,"FALSE"
2021-04-28,32246275,54818,573906,234639414,2231745,7.38,4.18,4.81,3.83,0.15,"FALSE"
2021-04-29,32303857,57582,574780,237360493,2721079,7.09,4.09,4.6,3.75,0.15,"FALSE"
2021-04-30,32362374,58517,575640,240159677,2799184,6.79,3.91,4.2,3.49,0.14,"FALSE"
2021-05-01,32407133,44759,576355,243463471,3303794,7.12,4.05,4.02,3.45,0.14,"FALSE"
2021-05-02,32436765,29632,576667,245591469,2127998,7.22,4.25,4.3,3.42,0.15,"FALSE"
2021-05-03,32486709,49944,577126,246780203,1188734,7.04,4.26,4.63,3.45,0.15,"FALSE"
2021-05-04,32527664,40955,578030,247769049,988846,6.94,4.19,4.64,3.51,0.14,"FALSE"
2021-05-05,32572383,44719,578806,249566820,1797771,6.92,4.1,4.54,3.56,0.14,"FALSE"
2021-05-06,32620077,47694,579638,251973752,2406932,6.91,4.05,4.5,3.55,0.14,"FALSE"
2021-05-07,32667570,47493,580450,254779333,2805581,6.83,3.92,4.14,3.44,0.13,"FALSE"
2021-05-08,32701236,33666,581054,257347205,2567872,7.08,4.08,3.96,3.36,0.14,"FALSE"
2021-05-09,32723564,22328,581300,259716989,2369784,6.95,4.19,4.08,3.21,0.14,"FALSE"
2021-05-10,32760121,36557,581670,261599381,1882392,7.23,4.31,4.65,3.37,0.14,"FALSE"
2021-05-11,32794162,34041,582363,263132561,1533180,7.25,4.22,4.65,3.44,0.14,"FALSE"
2021-05-12,32829645,35483,583211,264680844,1548283,7.29,4.14,4.63,3.43,0.13,"FALSE"
2021-05-13,32868084,38439,583991,266596486,1915642,7.27,4.09,4.47,3.43,0.13,"FALSE"
2021-05-14,32909065,40981,584723,268438666,1842180,7.08,3.93,4.07,3.32,0.13,"FALSE"
2021-05-15,32938115,29050,585282,270832342,2393676,7.46,4.16,3.99,3.37,0.13,"FALSE"
2021-05-16,32954825,16710,585574,272925411,2093069,7.43,4.3,4.19,3.27,0.13,"FALSE"
2021-05-17,32984032,29207,585958,274411901,1486490,7.31,4.29,4.51,3.3,0.13,"FALSE"
2021-05-18,33011895,27863,586825,275535207,1123306,7.28,4.37,4.61,3.34,0.13,"FALSE"
2021-05-19,33040689,28794,587500,277290173,1754966,7.18,4.23,4.54,3.33,0.13,"FALSE"
2021-05-20,33070307,29618,588154,279397250,2107077,7.05,4.09,4.46,3.28,0.13,"FALSE"
2021-05-21,33107107,36800,588850,281595351,2198101,6.89,3.97,4.1,3.15,0.12,"FALSE"
2021-05-22,33117634,10527,589329,283941223,2345872,7.22,4.2,4.08,3.23,0.13,"FALSE"
2021-05-23,33131784,14150,589518,285720586,1779363,7.16,4.33,4.18,3.14,0.14,"FALSE"
2021-05-24,33157412,25628,589935,286890900,1170314,7.17,4.3,4.52,3.2,0.12,"FALSE"
2021-05-25,33180250,22838,590635,287788872,897972,7.2,4.24,4.62,3.22,0.14,"FALSE"
2021-05-26,33203636,23386,591601,289212304,1423432,6.98,4.15,4.49,3.14,0.17,"FALSE"
2021-05-27,33231383,27747,592942,290724607,1512303,6.87,4.08,4.36,3.09,0.16,"FALSE"
2021-05-28,33253407,22024,593701,292099778,1375171,6.82,3.98,3.96,3.08,0.17,"FALSE"
2021-05-29,33264967,11560,594040,293705050,1605272,7.13,4.22,3.92,3.18,0.16,"FALSE"
2021-05-30,33272409,7442,594171,294928850,1223800,7.13,4.36,4.06,3,0.17,"FALSE"
2021-05-31,33277912,5503,594321,NA,NA,7.14,4.36,4.12,2.98,0.16,"FALSE"
2021-06-01,33300482,22570,594841,296404240,NA,7.4,4.32,4.4,3.49,0.15,"FALSE"
2021-06-02,33317340,16858,595435,296912892,508652,7.46,4.29,4.54,3.3,0.15,"FALSE"
2021-06-03,33336811,19471,596051,297720928,808036,7.28,4.19,4.45,3.14,0.15,"FALSE"
2021-06-04,33312812,23999,596190,299120522,1399594,7.01,4.11,4.12,3.07,0.14,"FALSE"
2021-06-05,33323260,10448,596565,300268730,1148208,7.2,4.28,4.05,3.14,0.15,"FALSE"
2021-06-06,33329413,6153,596817,301638578,1369848,7.07,4.27,4.09,3.02,0.14,"FALSE"
2021-06-07,33348865,19452,597153,302851917,1213339,7.16,4.37,4.42,3.13,0.15,"FALSE"
2021-06-08,33363050,14185,597528,303923667,1071750,7.2,4.33,4.51,3.16,0.15,"FALSE"
2021-06-09,33383714,20664,598100,304753476,829809,7.2,4.26,4.53,3.14,0.13,"FALSE"
2021-06-10,33399513,15799,598560,305687618,934142,7.07,4.2,4.4,3.14,0.14,"FALSE"
2021-06-11,33416340,16827,599077,306509795,822177,7.04,4.12,4.13,3.08,0.12,"FALSE"
2021-06-12,33424619,8279,599247,308112728,1602933,7.23,4.25,4.05,3.07,0.11,"FALSE"
2021-06-13,33431406,6787,599342,309322545,1209817,7.24,4.43,4.2,3.08,0.11,"FALSE"
2021-06-14,33446525,15119,599552,310645827,1323282,7.33,4.41,4.47,3.14,0.11,"FALSE"
2021-06-15,33458397,11872,600004,311886674,1240847,7.45,4.33,4.54,3.15,0.17,"FALSE"
2021-06-16,33472808,14411,600428,312915170,1028496,7.5,4.29,4.54,3.18,0.12,"FALSE"
2021-06-17,33484995,12187,600716,314969386,2054216,7.38,4.21,4.43,3.14,0.12,"FALSE"
2021-06-18,33497695,12700,601185,316048776,1079390,7.18,4.15,4.15,3.08,0.11,"FALSE"
2021-06-19,33505275,7580,601354,317117797,1069021,7.24,4.29,4.07,3.05,0.11,"FALSE"
2021-06-20,33509338,4063,601444,317966408,848611,7.15,4.39,4.25,2.99,0.12,"FALSE"
2021-06-21,33525182,15844,601732,318576441,610033,7.33,4.52,4.69,3.07,0.11,"FALSE"
2021-06-22,33537943,12761,602164,319223844,647403,7.53,4.49,4.69,3.12,0.12,"FALSE"
2021-06-23,33551974,14031,602562,319872053,648209,7.58,4.43,4.64,3.17,0.12,"FALSE"
2021-06-24,33566669,14695,602917,320687205,815152,7.41,4.33,4.46,3.1,0.12,"FALSE"
2021-06-25,33581632,14963,603375,321199379,512174,7.19,4.2,4.12,3.01,0.11,"FALSE"
2021-06-26,33588423,6791,603501,322123103,923724,7.33,4.34,4.05,3.1,0.11,"FALSE"
2021-06-27,33592510,4087,603597,323327328,1204225,7.43,4.47,4.17,3.1,0.12,"FALSE"
2021-06-28,33608058,15548,603758,324414371,1087043,7.57,4.51,4.45,3.21,0.12,"FALSE"
2021-06-29,33623787,15729,604137,325152847,738476,7.68,4.48,4.55,3.28,0.12,"FALSE"
2021-06-30,33639764,15977,604460,326521526,1368679,7.62,4.4,4.43,3.27,0.12,"FALSE"
2021-07-01,33704723,64959,604707,328152304,1630778,7.54,4.33,4.33,3.19,0.11,"FALSE"
2021-07-02,33725159,20436,604973,328809470,657166,7.43,4.27,4,3.05,0.11,"FALSE"
2021-07-03,33729152,3993,605059,329970551,1161081,7.57,4.39,3.97,3.02,0.12,"FALSE"
2021-07-04,33732074,2922,605096,330604253,633702,7.31,4.38,3.87,2.93,0.11,"FALSE"
2021-07-05,33736665,4591,605137,NA,NA,7.75,4.64,4.33,3.06,0.13,"FALSE"
2021-07-06,33763742,27077,605454,331214347,NA,8.07,4.59,4.5,3.33,0.12,"FALSE"
2021-07-07,33793961,30219,605776,331651464,437117,8.25,4.63,4.62,3.36,0.12,"FALSE"
2021-07-08,33843194,49233,606142,332345797,694333,8.23,4.54,4.54,3.36,0.13,"FALSE"
2021-07-09,33878529,35335,606549,332966409,620612,8.05,4.4,4.21,3.31,0.13,"FALSE"
2021-07-10,33886287,7758,606637,333565404,598995,8.15,4.47,4.12,3.33,0.14,"FALSE"
2021-07-11,33891830,5543,606667,334151648,586244,8.28,4.66,4.27,3.23,0.14,"FALSE"
2021-07-12,33927213,35383,606940,334600770,449122,8.45,4.71,4.63,3.36,0.14,"FALSE"
2021-07-13,33970195,42982,607372,334942236,341466,8.54,4.65,4.75,3.47,0.14,"FALSE"
2021-07-14,34008250,38055,607765,335487779,545543,8.43,4.55,4.65,3.6,0.14,"FALSE"
2021-07-15,34044268,36018,608103,336054953,567174,8.34,4.45,4.5,3.44,0.14,"FALSE"
2021-07-16,34096492,52224,608460,336604158,549205,8.21,4.37,4.2,3.37,0.14,"FALSE"
2021-07-17,34108937,12445,608543,337239448,635290,8.32,4.47,4.11,3.37,0.15,"FALSE"
2021-07-18,34117964,9027,608580,337740358,500910,8.5,4.66,4.3,3.42,0.17,"FALSE"
2021-07-19,34177146,59182,608811,338247434,507076,8.86,4.74,4.64,3.56,0.16,"FALSE"
2021-07-20,34239257,62111,609111,338491374,243940,8.99,4.63,4.72,3.62,0.16,"FALSE"
2021-07-21,34299310,60053,609508,339102867,611493,9.02,4.58,4.7,3.7,0.16,"FALSE"
2021-07-22,34364829,65519,609870,339763765,660898,9.19,4.48,4.67,3.73,0.16,"FALSE"
2021-07-23,34447610,82781,610313,340363922,600157,9.19,4.35,4.22,3.69,0.17,"FALSE"
2021-07-24,34469200,21590,610414,341039972,676050,8.96,4.46,4.21,3.6,0.2,"FALSE"
2021-07-25,34483033,13833,610463,341818968,778996,9.06,4.6,4.32,3.64,0.21,"FALSE"
2021-07-26,34576119,93086,610722,342212051,393083,9.34,4.61,4.65,3.78,0.2,"FALSE"
2021-07-27,34682937,106818,611206,342607540,395489,9.65,4.52,4.7,3.88,0.19,"FALSE"
2021-07-28,34767898,84961,611711,343361524,753984,9.57,4.5,4.65,3.91,0.19,"FALSE"
2021-07-29,34866192,98294,612104,344071595,710071,9.32,4.45,4.46,3.84,0.2,"FALSE"
2021-07-30,34988866,122674,612775,344928514,856919,9.18,4.33,4.41,3.74,0.21,"FALSE"
2021-07-31,35018564,29698,612919,345640466,711952,9.4,4.47,4.16,3.79,0.23,"FALSE"
2021-08-01,35041458,22894,612982,346456669,816203,9.45,4.55,4.34,3.81,0.24,"FALSE"
2021-08-02,35177628,136170,613440,346924345,467676,9.58,4.57,4.57,3.89,0.23,"TRUE"
2021-08-03,35327939,150311,614109,347377149,452804,9.76,4.52,4.73,4.06,0.22,"TRUE"
2021-08-04,35440283,112344,614834,348102478,725329,9.84,4.47,4.74,4.1,0.23,"FALSE"
2021-08-05,35567255,126972,615408,348966419,863941,9.64,4.4,4.63,4.02,0.23,"TRUE"
2021-08-06,35735606,168351,616257,349787479,821060,9.33,4.27,4.26,3.9,0.23,"TRUE"
2021-08-07,35777721,42115,616463,350627188,839709,9.61,4.5,4.25,3.88,0.28,"FALSE"
2021-08-08,35813789,36068,616594,351400930,773742,9.75,4.62,4.37,3.9,0.29,"FALSE"
2021-08-09,35992480,178691,617314,351933175,532245,9.73,4.57,4.61,4.04,0.28,"TRUE"
2021-08-10,36154571,162091,618363,352550944,617769,9.71,4.49,5.96,4.13,0.28,"TRUE"
2021-08-11,36310148,155577,618701,353205544,654600,9.81,4.44,5.21,4.16,0.28,"TRUE"
2021-08-12,36448857,138709,619723,353859894,654350,9.62,4.33,4.65,4.09,0.27,"TRUE"
2021-08-13,36636249,187392,620809,354777950,918056,9.32,4.19,4.27,4.02,0.26,"TRUE"
2021-08-14,36686066,49817,621051,355768825,990875,9.82,4.39,4.23,4.01,0.3,"FALSE"
2021-08-15,36729884,43818,621228,356433665,664840,9.86,4.56,4.33,4.04,0.31,"FALSE"
2021-08-16,36989377,259493,622244,357292057,858392,9.59,4.47,4.53,4.08,0.27,"TRUE"
2021-08-17,37133674,144297,623237,357894995,602938,9.63,4.45,4.71,4.13,0.26,"TRUE"
2021-08-18,37298543,164869,624365,358599835,704840,9.62,4.38,4.69,4.25,0.26,"TRUE"
2021-08-19,37458349,159806,626099,359623380,1023545,9.49,4.3,4.56,4.15,0.26,"TRUE"
2021-08-20,37657643,199294,627631,360634287,1010907,9.26,4.18,4.2,3.99,0.26,"TRUE"
2021-08-21,37737034,79391,628100,361684564,1050277,9.75,4.36,4.19,4.06,0.29,"FALSE"
2021-08-22,37777607,40573,628285,362657771,973207,9.87,4.53,4.34,4.13,0.29,"FALSE"
2021-08-23,38043754,266147,629644,363267789,610018,9.62,4.36,4.47,4.18,0.26,"TRUE"
2021-08-24,38193951,150197,631057,363915792,648003,9.95,4.39,4.69,4.32,0.25,"TRUE"
2021-08-25,38364887,170936,632522,364842701,926909,9.99,4.33,4.64,4.4,0.25,"TRUE"
2021-08-26,38552648,187761,634735,365767674,924973,9.83,4.24,4.52,4.32,0.25,"TRUE"
2021-08-27,38748559,195911,636509,366838484,1070810,9.49,4.11,4.17,4.13,0.25,"TRUE"
2021-08-28,38833818,85259,637076,367911870,1073386,10.11,4.38,4.12,4.2,0.28,"FALSE"
2021-08-29,38875976,42158,637356,368863734,951864,10.08,4.47,4.18,4.16,0.27,"FALSE"
2021-08-30,39156379,280403,639081,369556911,693177,10.05,4.44,4.83,4.37,0.25,"TRUE"
2021-08-31,39316629,160250,640519,370212027,655116,10.11,4.33,4.67,4.42,0.25,"TRUE"
2021-09-01,39527624,210995,642454,371280129,1068102,9.97,4.25,4.47,4.43,0.24,"TRUE"
2021-09-02,39703320,175696,645391,372116617,836488,9.83,4.21,4.37,4.5,0.24,"TRUE"
2021-09-03,39894795,191475,647370,373516809,1400192,9.66,4.05,4.01,4.08,0.25,"TRUE"
2021-09-04,39960849,66054,647896,374488924,972115,10.29,4.32,4.03,4.12,0.28,"FALSE"
2021-09-05,40005266,44417,648273,NA,NA,10.33,4.48,4.15,4.09,0.28,"FALSE"
2021-09-06,40082242,76976,648788,NA,NA,10.46,4.52,4.35,4.13,0.28,"FALSE"
2021-09-07,40383380,301138,651014,375995378,NA,10.49,4.43,4.6,4.37,0.27,"TRUE"
2021-09-08,40567569,184189,653216,376955132,959754,10.38,4.33,4.68,4.39,0.35,"TRUE"
2021-09-09,40738140,170571,656448,377622065,666933,10.12,4.2,4.54,4.17,0.88,"TRUE"
2021-09-10,40914456,176316,658865,378569717,947652,9.71,4.02,4.09,3.91,0.28,"TRUE"
2021-09-11,40988382,73926,659556,379472220,902503,10.23,4.28,4.12,3.98,0.28,"FALSE"
2021-09-12,41027940,39558,659854,380241903,769683,10.35,4.41,4.32,4.02,0.28,"FALSE"
2021-09-13,41312998,285058,661579,380831725,589822,10.23,4.33,4.61,4.17,0.24,"TRUE"
2021-09-14,41465694,152696,664235,381453265,621540,10.13,4.29,4.64,4.14,0.3,"TRUE"
2021-09-15,41635889,170195,666816,382294795,841530,10.06,4.2,4.61,4.11,0.23,"TRUE"
2021-09-16,41790772,154883,670234,383038403,743608,9.79,4.11,4.5,3.99,0.22,"TRUE"
2021-09-17,41957710,166938,672813,383994877,956474,9.52,3.96,4.02,3.74,0.21,"TRUE"
2021-09-18,42025890,68180,673637,384911290,916413,9.98,4.21,3.98,3.78,0.23,"FALSE"
2021-09-19,42065846,39956,673939,385586012,674722,9.91,4.27,4.16,3.84,0.22,"FALSE"
2021-09-20,42274012,208166,676191,386237881,651869,9.92,4.25,4.49,4.01,0.21,"TRUE"
2021-09-21,42403987,129975,678556,386780816,542935,9.92,4.2,4.59,4,0.23,"TRUE"
2021-09-22,42551480,147493,681343,387493716,712900,9.84,4.12,4.57,3.94,0.26,"TRUE"
2021-09-23,42679344,127864,684498,387821704,327988,9.6,4.01,4.4,3.87,0.23,"TRUE"
2021-09-24,42819355,140011,687247,388567109,745405,9.19,3.86,3.98,3.67,0.21,"TRUE"
2021-09-25,42870947,51592,687876,389372689,805580,9.84,4.11,3.95,3.7,0.3,"FALSE"
2021-09-26,42905182,34235,688178,390114328,741639,10.07,4.28,4.11,3.81,0.34,"FALSE"
2021-09-27,43099971,194789,690559,390664923,550595,10.2,4.29,4.56,3.99,0.31,"TRUE"
2021-09-28,43213311,113340,692878,NA,NA,10.26,4.2,4.65,3.99,0.27,"FALSE"
2021-09-29,43341823,128512,695393,391992662,NA,10.13,4.12,4.83,3.88,0.24,"TRUE"
2021-09-30,43458032,116209,698136,392909995,917333,9.78,3.96,4.46,3.77,0.2,"FALSE"
2021-10-01,43583808,125776,700583,393756866,846871,9.21,3.7,3.84,3.46,0.19,"TRUE"
2021-10-02,43628030,44222,701231,394690283,933417,9.91,4.03,3.84,3.53,0.23,"FALSE"
2021-10-03,43653869,25839,701480,395934825,1244542,9.97,4.14,4.05,3.62,0.23,"FALSE"
2021-10-04,43826568,172699,703515,396919564,984739,9.86,4.15,4.44,3.79,0.2,"TRUE"
2021-10-05,43925170,98602,705543,397718055,798491,10.06,4.12,4.51,3.79,0.21,"FALSE"
2021-10-06,44051125,125955,708073,398675414,957359,10.04,4.06,4.51,3.95,0.21,"TRUE"
2021-10-07,44156527,105402,710522,399552444,877030,9.72,4.01,4.38,3.81,0.2,"FALSE"
2021-10-08,44269453,112926,712967,400669422,1116978,9.22,3.85,3.91,3.53,0.19,"FALSE"
2021-10-09,44306787,37334,713480,401819240,1149818,9.68,4.08,3.81,3.56,0.22,"FALSE"
2021-10-10,44329826,23039,713961,NA,NA,9.76,4.21,3.98,3.52,0.23,"FALSE"
2021-10-11,44453506,123680,715123,NA,NA,9.98,4.22,4.45,3.7,0.21,"FALSE"
2021-10-12,44565082,111576,717648,403576826,NA,10.16,4.13,4.5,3.77,0.2,"FALSE"
2021-10-13,44671639,106557,719887,404371247,794421,10.03,4.08,4.49,3.86,0.19,"FALSE"
2021-10-14,44760608,88969,721929,405444558,1073311,9.61,4,4.41,3.74,0.2,"FALSE"
2021-10-15,44859168,98560,724104,406570875,1126317,9.11,3.83,3.93,3.46,0.18,"FALSE"
2021-10-16,44892709,33541,724491,407446961,876086,9.72,4.09,3.87,3.5,0.2,"FALSE"
2021-10-17,44914861,22152,724673,408265959,818998,10.07,4.23,4.03,3.56,0.24,"FALSE"
2021-10-18,45036894,122033,726545,408797942,531983,10.23,4.16,4.42,3.73,0.19,"FALSE"
2021-10-19,45120577,83683,728682,409438987,641045,10.32,4.09,4.63,3.74,0.18,"FALSE"
2021-10-20,45207199,86622,731688,410189737,750750,10.08,4.03,4.69,3.75,0.17,"FALSE"
2021-10-21,45289145,81946,733564,411010650,820913,9.71,3.96,4.42,4.32,0.17,"FALSE"
2021-10-22,45376442,87297,735699,411963025,952375,9.19,3.79,3.93,3.72,0.16,"FALSE"
2021-10-23,45406266,29824,736148,412856169,893144,9.73,4.03,3.84,3.44,0.18,"FALSE"
2021-10-24,45423368,17102,736296,413645478,789309,9.84,4.22,4.03,3.5,0.18,"FALSE"
2021-10-25,45528929,105561,737709,414302192,656714,9.84,4.21,4.42,3.71,0.17,"FALSE"
2021-10-26,45616352,87423,739445,415012026,709834,10.02,4.1,4.48,3.73,0.17,"FALSE"
2021-10-27,45710896,94544,741460,NA,NA,9.95,4,4.41,3.68,0.17,"FALSE"
2021-10-28,45797081,86185,743242,NA,NA,9.72,3.95,4.25,3.58,0.17,"FALSE"
2021-10-29,45885804,88723,745262,419020753,NA,9.16,3.79,3.76,3.33,0.17,"FALSE"
2021-10-30,45915215,29411,745586,420657683,1636930,9.66,3.98,3.63,3.38,0.2,"FALSE"
2021-10-31,45934098,18883,745743,422070099,1412416,9.44,3.98,3.67,3.34,0.2,"FALSE"
2021-11-01,46058668,124570,746894,423005384,935285,10.35,4.05,4.33,3.71,0.17,"TRUE"
2021-11-02,46135611,76943,748410,423942794,937410,10.9,3.99,4.46,3.87,0.17,"FALSE"
2021-11-03,46220455,84844,750290,425272828,1330034,11.13,3.95,4.4,3.98,0.17,"FALSE"
2021-11-04,46303542,83087,751413,426728092,1455264,11.11,4,4.27,3.86,0.17,"FALSE"
2021-11-05,46395310,91768,753734,428006540,1278448,10.73,3.76,3.83,3.61,0.17,"FALSE"
2021-11-06,46427249,31939,754136,429442508,1435968,11.2,3.97,3.71,3.61,0.19,"FALSE"
2021-11-07,46449334,22085,754268,430927624,1485116,11.53,4.15,3.94,3.73,0.2,"FALSE"
2021-11-08,46575795,126461,755489,432111860,1184236,11.46,4.05,4.29,3.92,0.18,"TRUE"
2021-11-09,46659446,83651,757205,433156393,1044533,11.56,4.02,4.38,3.96,0.18,"FALSE"
2021-11-10,46757836,98390,758841,434486889,1330496,11.2,3.94,4.29,3.87,0.18,"FALSE"
2021-11-11,46822437,64601,759563,NA,NA,11.02,3.97,4.17,3.79,0.2,"FALSE"
2021-11-12,46951788,129351,761624,437352000,NA,10.34,3.81,3.82,3.62,0.19,"TRUE"
2021-11-13,47013185,61397,762092,439034461,1682461,10.96,4.17,3.77,3.6,0.22,"FALSE"
2021-11-14,47036794,23609,762234,440559613,1525152,11.26,4.29,3.94,3.69,0.26,"FALSE"
2021-11-15,47185418,148624,763425,442005260,1445647,11.37,4.12,4.28,3.92,0.25,"TRUE"
2021-11-16,47275904,90486,764871,443374199,1368939,11.65,4.08,4.43,4.02,0.34,"FALSE"
2021-11-17,47390261,114357,766489,444789186,1414987,11.59,4,4.33,4,0.36,"FALSE"
2021-11-18,47500534,110273,769820,446250342,1461156,11.18,3.89,4.18,3.84,0.3,"FALSE"
2021-11-19,47620182,119648,771811,448155906,1905564,10.55,3.69,3.66,3.56,0.29,"FALSE"
2021-11-20,47661246,41064,772136,NA,NA,11.47,4.02,3.68,3.66,0.31,"FALSE"
2021-11-21,47692618,31372,772259,NA,NA,11.48,4.16,3.87,3.7,0.29,"FALSE"
2021-11-22,47851516,158898,773402,NA,NA,11.5,4.04,4.01,3.83,0.27,"TRUE"
2021-11-23,47944287,92771,774880,452704982,NA,11.88,3.94,3.91,3.86,0.26,"FALSE"
2021-11-24,48064179,119892,776516,454447737,1742755,11.86,3.87,3.65,3.85,0.24,"FALSE"
2021-11-25,48095032,30853,776893,NA,NA,10.76,3.91,3.43,3.77,0.28,"FALSE"
2021-11-26,48146557,51525,777437,NA,NA,11.38,3.95,3.58,3.42,0.26,"FALSE"
2021-11-27,48171236,24679,777629,NA,NA,12.15,4.2,3.98,3.65,0.28,"FALSE"
2021-11-28,48195186,23950,777750,NA,NA,12.6,4.29,4.18,3.96,0.29,"FALSE"
2021-11-29,48411498,216312,779624,459234791,NA,12.47,4.12,4.33,4.14,0.32,"TRUE"
2021-11-30,48520792,109294,781183,460773508,1538717,12.72,4.13,4.45,4.25,0.26,"FALSE"
2021-12-01,48660112,139320,783149,462263845,1490337,12.24,4.01,4.36,4.17,0.32,"TRUE"
2021-12-02,48798824,138712,784506,464445580,2181735,11.86,3.98,4.31,4.08,0.3,"TRUE"
2021-12-03,48952069,153245,786667,466348132,1902552,11.24,3.82,3.86,3.85,0.28,"TRUE"
2021-12-04,49010213,58144,787157,468516782,2168650,11.71,4.08,3.78,3.89,0.33,"FALSE"
2021-12-05,49044786,34573,787318,470297846,1781064,11.59,4.22,4,3.94,0.37,"FALSE"
2021-12-06,49242230,197444,788660,471700443,1402597,11.41,4.13,4.23,4.05,0.3,"TRUE"
2021-12-07,49356227,113997,790434,473243228,1542785,11.58,4.03,4.29,4.08,0.28,"FALSE"
2021-12-08,49505272,149045,792313,475728399,2485171,11.61,4.01,4.29,4.18,0.26,"TRUE"
2021-12-09,49628777,123505,793608,477433765,1705366,11.34,3.92,4.18,4.04,0.25,"FALSE"
2021-12-10,49793839,165062,795711,480567772,3134007,10.77,3.79,3.81,3.87,0.24,"TRUE"
2021-12-11,49845184,51345,796127,482695970,2128198,11.21,4.04,3.66,3.85,0.27,"FALSE"
2021-12-12,49881540,36356,796322,484190896,1494926,11.48,4.18,3.85,3.93,0.28,"FALSE"
2021-12-13,50084423,202883,797611,485359746,1168850,11.78,4.15,4.18,4.21,0.28,"TRUE"
2021-12-14,50201282,116859,799345,486574475,1214729,12.24,4.06,4.22,4.42,0.26,"FALSE"
2021-12-15,50346558,145276,801438,488296089,1721614,12.3,3.93,4.12,4.47,0.25,"TRUE"
2021-12-16,50492877,146319,802601,490030849,1734760,12.32,3.92,4,4.44,0.25,"TRUE"
2021-12-17,50664022,171145,804697,491892649,1861800,12.45,3.83,3.7,4.35,0.25,"TRUE"
2021-12-18,50738685,74663,805171,NA,NA,13.56,4.16,3.68,4.62,0.29,"FALSE"
2021-12-19,50811164,72479,805334,NA,NA,14.09,4.37,3.81,4.76,0.29,"FALSE"
2021-12-20,51114064,302900,806753,NA,NA,14.99,4.33,3.98,5.13,0.28,"TRUE"
2021-12-21,51303535,189471,808841,497375025,NA,16.47,4.29,4.12,5.84,0.28,"TRUE"
2021-12-22,51547227,243692,810927,NA,NA,17.27,4.23,4.01,6.11,0.29,"TRUE"
2021-12-23,51812442,265215,814211,500222330,NA,17.53,4.22,3.78,6.06,0.35,"TRUE"
2021-12-24,51996367,183925,815213,NA,NA,16.63,4.08,3.47,5.91,0.35,"TRUE"
2021-12-25,52054715,58348,815312,NA,NA,15.23,4.27,3.5,5.78,0.35,"FALSE"
2021-12-26,52244429,189714,815391,NA,NA,18.5,4.65,4.16,6.56,0.38,"TRUE"
2021-12-27,52787969,543540,817134,503480667,NA,20.2,4.71,4.42,7.42,0.38,"TRUE"
2021-12-28,53168681,380712,819630,505013980,1533313,21.8,4.74,4.66,8.1,0.4,"TRUE"
2021-12-29,53657745,489064,821731,506313935,1299955,22.02,4.64,4.55,7.98,0.38,"TRUE"
2021-12-30,54242800,585055,823141,507657980,1344045,21.21,4.49,4.29,7.63,0.42,"TRUE"
2021-12-31,54689367,446567,824336,NA,NA,18.88,4.18,3.72,6.79,0.41,"TRUE"
2022-01-01,54850427,161060,824609,NA,NA,18.46,4.63,4.08,6.5,0.42,"TRUE"
2022-01-02,55137064,286637,824841,NA,NA,19.1,4.58,4.27,6.56,0.42,"TRUE"
2022-01-03,56155999,1018935,826491,NA,NA,19.12,4.45,4.45,6.98,0.39,"TRUE"
2022-01-04,57041905,885906,828853,512665013,NA,20.1,4.36,4.65,7.51,0.37,"TRUE"
2022-01-05,57745969,704064,830981,513839973,1174960,19.5,4.29,4.7,7.15,0.35,"TRUE"
2022-01-06,58505187,759218,832953,515162867,1322894,18.07,4.14,4.42,6.57,0.34,"TRUE"
2022-01-07,59405357,900170,835637,516597039,1434172,17.34,4.03,4.94,6.17,0.43,"TRUE"
2022-01-08,59851597,446240,836327,518021463,1424424,18.46,4.32,4.49,6.38,0.77,"TRUE"
2022-01-09,60166932,315335,836728,519335422,1313959,16.92,4.37,4.32,6.18,0.39,"TRUE"
2022-01-10,61600909,1433977,838412,520166098,830676,15.83,4.18,4.46,6.24,0.34,"TRUE"
2022-01-11,62370837,769928,841092,521156804,990706,16.12,4.14,4.59,6.48,0.34,"TRUE"
2022-01-12,63251819,880982,843853,522482674,1325870,15.78,4.12,4.6,6.3,0.32,"TRUE"
2022-01-13,64120526,868707,846110,524199956,1717282,14.93,4.09,4.53,5.99,0.29,"TRUE"
2022-01-14,65053852,933326,849101,525604449,1404493,14.08,3.97,4.15,5.57,0.28,"TRUE"
2022-01-15,65477079,423227,850099,526898876,1294427,14.54,4.21,3.94,5.5,0.29,"TRUE"
2022-01-16,65814886,337807,850509,NA,NA,13.85,4.34,3.98,5.37,0.29,"TRUE"
2022-01-17,66526937,712051,851283,NA,NA,13.62,4.4,4.34,5.58,0.28,"TRUE"
2022-01-18,67705340,1178403,854268,NA,NA,13.13,4.26,4.51,5.54,0.29,"TRUE"
2022-01-19,68557295,851955,857644,NA,NA,12.74,4.15,4.54,5.32,0.26,"TRUE"
2022-01-20,69305615,748320,860316,NA,NA,12.07,4.06,4.39,4.83,0.26,"TRUE"
2022-01-21,70130930,825315,864182,NA,NA,11.45,3.93,3.99,4.5,0.24,"TRUE"
2022-01-22,70468314,337384,865116,NA,NA,11.88,4.24,3.95,4.46,0.25,"TRUE"
2022-01-23,70667795,199481,865687,NA,NA,11.36,4.39,4.09,4.36,0.24,"TRUE"
2022-01-24,71699954,1032159,867866,NA,NA,10.64,4.33,4.44,4.4,0.22,"TRUE"
2022-01-25,72210867,510913,870838,NA,NA,10.49,4.23,4.55,4.37,0.21,"TRUE"
2022-01-26,72895313,684446,874733,NA,NA,10.24,4.12,4.51,4.23,0.2,"TRUE"
2022-01-27,73425577,530264,877824,536370947,NA,9.82,4.09,4.4,4.02,0.19,"TRUE"
2022-01-28,73981352,555775,881703,537238853,867906,9.46,3.91,3.94,3.67,0.17,"TRUE"
2022-01-29,74223465,242113,883009,538086232,847379,10.41,4.18,3.86,3.63,0.18,"TRUE"
2022-01-30,74327523,104058,883370,538829920,743688,10.02,4.32,4.08,3.69,0.18,"FALSE"
2022-01-31,74989495,661972,885943,539337296,507376,9.38,4.27,4.38,3.77,0.17,"TRUE"
2022-02-01,75285900,296405,889525,539921122,583826,8.89,4.06,4.41,3.66,0.15,"TRUE"
2022-02-02,75610929,325029,893156,540630198,709076,8.7,4.04,4.4,3.58,0.14,"TRUE"
2022-02-03,75923171,312242,896178,541410847,780649,8.29,3.99,4.17,3.34,0.14,"TRUE"
2022-02-04,76236151,312980,900154,541999800,588953,8.11,3.99,3.92,3.2,0.13,"TRUE"
2022-02-05,76359918,123767,901022,542675367,675567,8.69,4.3,3.89,3.19,0.14,"FALSE"
2022-02-06,76418395,58477,901400,543220044,544677,8.6,4.45,4.19,3.25,0.14,"FALSE"
2022-02-07,76766514,348119,904139,543619492,399448,8.13,4.35,4.47,3.36,0.13,"TRUE"
2022-02-08,76961010,194496,907497,544139366,519874,8.09,4.26,4.61,3.37,0.13,"TRUE"
2022-02-09,77187359,226349,911067,544772697,633331,7.89,4.16,4.55,3.3,0.12,"TRUE"
2022-02-10,77360952,173593,914328,545477120,704423,7.65,4.12,4.45,3.27,0.12,"TRUE"
2022-02-11,77530775,169823,917135,545981537,504417,7.33,4.03,4.09,3.15,0.11,"TRUE"
2022-02-12,77594737,63962,917896,546624663,643126,8.16,4.29,4,3.58,0.19,"FALSE"
2022-02-13,77629125,34388,918368,547109724,485061,7.58,4.25,3.82,3.05,0.13,"FALSE"
2022-02-14,77835449,206324,920954,547446164,336440,7.5,4.24,4.14,3.1,0.12,"TRUE"
2022-02-15,77950961,115512,923804,547948656,502492,8.03,4.34,4.65,3.3,0.12,"FALSE"
2022-02-16,78092141,141180,927110,548391614,442958,8,4.28,4.64,3.32,0.11,"TRUE"
2022-02-17,78196006,103865,930297,548934364,542750,7.71,4.2,4.47,3.18,0.11,"FALSE"
2022-02-18,78305615,109609,932788,549419374,485010,7.73,4.1,4.05,3.04,0.1,"FALSE"
2022-02-19,78351826,46211,933480,549939423,520049,8.22,4.43,3.97,3.04,0.11,"FALSE"
2022-02-20,78377993,26167,933894,NA,NA,8.29,4.58,4.12,3.06,0.12,"FALSE"
2022-02-21,78433652,55659,934654,NA,NA,8.34,4.64,4.47,3.35,0.11,"FALSE"
2022-02-22,78556769,123117,937380,550924900,NA,8.19,4.52,4.54,3.33,0.11,"FALSE"
2022-02-23,78641313,84544,940404,551372287,447387,8.04,4.36,4.44,3.18,0.12,"FALSE"
2022-02-24,78714719,73406,943312,NA,NA,7.71,4.16,4.06,2.97,0.1,"FALSE"
2022-02-25,78800705,85986,946121,552025069,NA,7.58,4.08,3.86,2.81,0.1,"FALSE"
2022-02-26,78825927,25222,946686,552526931,501862,8.2,4.38,3.87,2.83,0.11,"FALSE"
2022-02-27,78835013,9086,946883,NA,NA,8.2,4.51,4.08,2.95,0.13,"FALSE"
2022-02-28,78942813,107800,948855,553079296,NA,8.07,4.42,4.42,3.13,0.11,"FALSE"
2022-03-01,78986396,43583,950788,553378046,298750,8.15,4.32,4.46,3.2,0.11,"FALSE"
2022-03-02,79044542,58146,953136,553778476,400430,8.18,4.32,4.54,3.17,0.12,"FALSE"
2022-03-03,79096279,51737,955018,554168735,390259,8.17,4.25,4.4,3.15,0.11,"FALSE"
2022-03-04,79145866,49587,956910,554532208,363473,7.9,4.11,3.97,3.02,0.1,"FALSE"
2022-03-05,79162481,16615,957217,554868239,336031,8.34,4.42,3.92,3.01,0.1,"FALSE"
2022-03-06,79169256,6775,957429,555112353,244114,8.38,4.65,4.16,3.12,0.11,"FALSE"
2022-03-07,79232308,63052,959115,555332256,219903,8.36,4.73,4.45,3.24,0.11,"FALSE"
2022-03-08,79266324,34016,960690,555595418,263162,8.58,4.53,4.46,3.2,0.1,"FALSE"
2022-03-09,79314028,47704,962503,555897985,302567,8.54,4.4,4.42,3.19,0.11,"FALSE"
2022-03-10,79352221,38193,964062,NA,NA,8.43,4.33,4.33,3.15,0.1,"FALSE"
2022-03-11,79396596,44375,965746,556397627,NA,8.3,4.21,3.98,3.06,0.1,"FALSE"
2022-03-12,79407518,10922,966218,556777608,379981,8.88,4.49,3.91,3.2,0.1,"FALSE"
2022-03-13,79413908,6390,966361,556980091,202483,9.13,4.61,4.07,3.13,0.11,"FALSE"
2022-03-14,79462956,49048,963926,557138106,158015,9.19,4.74,4.53,3.35,0.13,"FALSE"
2022-03-15,79511352,48396,965449,557407604,269498,9.28,4.63,4.67,3.41,0.11,"FALSE"
2022-03-16,79550748,39396,967482,557644629,237025,9.11,4.5,4.55,3.33,0.1,"FALSE"
2022-03-17,79586734,35986,968690,557902891,258262,8.85,4.39,4.39,3.22,0.1,"FALSE"
2022-03-18,79623203,36469,969733,558121108,218217,8.63,4.3,4.07,3.09,0.1,"FALSE"
2022-03-19,79635322,12119,970065,NA,NA,9.14,4.55,4.05,3.21,0.1,"FALSE"
2022-03-20,79643175,7853,970148,NA,NA,9.16,4.67,4.21,3.25,0.1,"FALSE"
2022-03-21,79689310,46135,971107,NA,NA,9.23,4.67,4.57,3.41,0.11,"FALSE"
2022-03-22,79714979,25669,972104,558649472,NA,9.4,4.61,4.71,3.44,0.17,"FALSE"
2022-03-23,79762066,47087,973459,558918245,268773,9.39,4.52,4.65,3.42,0.18,"FALSE"
2022-03-24,79799812,37746,974441,559242230,323985,9.13,4.43,4.53,3.31,0.12,"FALSE"
2022-03-25,79833549,33737,975273,559436368,194138,8.77,4.29,4.1,3.15,0.11,"FALSE"
2022-03-26,79845604,12055,975436,559705770,269402,9.31,4.51,4.02,3.15,0.13,"FALSE"
2022-03-27,79853102,7498,975486,559873640,167870,9.3,4.6,4.15,3.22,0.17,"FALSE"
2022-03-28,79895338,42236,976396,559976590,102950,9.34,4.54,4.45,3.38,0.12,"FALSE"
2022-03-29,79920966,25628,977153,560181791,205201,9.72,4.58,4.71,3.53,0.11,"FALSE"
2022-03-30,79966408,45442,978361,560419082,237291,9.44,4.4,4.6,3.43,0.11,"FALSE"
2022-03-31,80004185,37777,979236,560823729,404647,9.21,4.36,4.48,3.37,0.11,"FALSE"
2022-04-01,80036620,32435,979881,561173692,349963,8.73,4.18,3.99,3.13,0.1,"FALSE"
2022-04-02,80048015,11395,980018,561659770,486078,9.39,4.53,4.03,3.19,0.1,"FALSE"
2022-04-03,80052942,4927,980057,562085242,425472,9.54,4.65,4.25,3.44,0.1,"FALSE"
2022-04-04,80093982,41040,980682,562435301,350059,9.54,4.64,4.6,3.57,0.1,"FALSE"
2022-04-05,80124875,30893,981146,562935409,500108,9.64,4.59,4.71,3.57,0.1,"FALSE"
2022-04-06,80174198,49323,982263,563391773,456364,9.55,4.48,4.68,3.54,0.1,"FALSE"
2022-04-07,80209904,35706,982971,563999093,607320,9.35,4.36,4.49,3.48,0.1,"FALSE"
2022-04-08,80254009,44105,983514,564572230,573137,9.15,4.2,4.08,3.33,0.1,"FALSE"
2022-04-09,80267530,13521,983786,565162367,590137,9.75,4.48,4.09,3.35,0.1,"FALSE"
2022-04-10,80275715,8185,983813,565598011,435644,9.8,4.79,4.24,3.48,0.1,"FALSE"
2022-04-11,80325700,49985,984247,565945931,347920,9.85,4.71,4.57,3.67,0.1,"FALSE"
2022-04-12,80354734,29034,984838,566532062,586131,9.84,4.58,4.57,3.74,0.11,"FALSE"
2022-04-13,80408643,53909,985832,567188881,656819,9.67,4.43,4.53,3.69,0.11,"FALSE"
2022-04-14,80466106,57463,986448,NA,NA,9.39,4.28,4.3,3.48,0.12,"FALSE"
2022-04-15,80513724,47618,987171,568313997,NA,9.5,4.24,4,3.41,0.11,"FALSE"
2022-04-16,80524627,10903,987211,NA,NA,9.72,4.44,3.97,3.4,0.11,"FALSE"
2022-04-17,80535906,11279,987228,569397972,NA,9.42,4.51,4.09,3.4,0.11,"FALSE"
2022-04-18,80595982,60076,987545,569642898,244926,10.55,4.63,4.62,3.62,0.11,"FALSE"
2022-04-19,80646004,50022,987999,570111773,468875,10.57,4.6,4.75,3.74,0.11,"FALSE"
2022-04-20,80708901,62897,988610,570485199,373426,10.13,4.48,4.68,3.73,0.12,"FALSE"
2022-04-21,80768167,59266,989094,571201893,716694,9.89,4.37,4.52,3.73,0.11,"FALSE"
2022-04-22,80836264,68097,989584,NA,NA,9.45,4.2,4.12,3.55,0.1,"FALSE"
2022-04-23,80855181,18917,989681,572183620,NA,9.78,4.44,4.12,3.6,0.11,"FALSE"
2022-04-24,80867572,12391,989709,572595338,411718,9.8,4.56,4.37,3.69,0.12,"FALSE"
2022-04-25,80942184,74612,990062,572829658,234320,9.86,4.54,4.63,3.96,0.1,"FALSE"
2022-04-26,80996837,54653,990368,573582745,753087,9.97,4.46,4.71,3.93,0.11,"FALSE"
2022-04-27,81081307,84470,991039,574232736,649991,9.76,4.3,4.65,3.76,0.1,"FALSE"
2022-04-28,81154876,73569,991502,NA,NA,9.54,4.2,4.44,3.66,0.1,"FALSE"
2022-04-29,81236707,81831,991921,575257890,NA,9.24,4.06,4.04,3.56,0.1,"FALSE"
2022-04-30,81259033,22326,992010,575765730,507840,9.78,4.32,4.01,3.65,0.1,"FALSE"
2022-05-01,81274401,15368,992033,576148079,382349,9.78,4.45,4.25,3.74,0.1,"FALSE"
2022-05-02,81370245,95844,992424,NA,NA,9.64,4.41,4.52,3.87,0.1,"FALSE"
2022-05-03,81439579,69334,993088,NA,NA,9.74,4.38,4.58,3.99,0.1,"FALSE"
2022-05-04,81541535,101956,995021,NA,NA,9.74,4.25,4.52,3.92,0.1,"FALSE"
2022-05-05,81634962,93427,995715,NA,NA,9.42,4.14,4.37,3.81,0.1,"FALSE"
2022-05-06,81730174,95212,996168,NA,NA,9.47,4.09,4.07,4.05,0.1,"FALSE"
2022-05-07,81760532,30358,996264,NA,NA,9.86,4.26,3.98,3.98,0.1,"FALSE"
2022-05-08,81772325,11793,996283,NA,NA,9.86,4.46,4.08,3.91,0.1,"FALSE"
2022-05-09,81884978,112653,996612,NA,NA,10.11,4.45,4.59,4.14,0.1,"FALSE"
2022-05-10,81978601,93623,996916,NA,NA,10.37,4.7,4.69,4.18,0.1,"FALSE"
2022-05-11,82140136,161535,997481,NA,NA,10.42,4.45,4.69,4.16,0.1,"TRUE"
2022-05-12,82255493,115357,997853,580514653,NA,10.2,4.26,4.55,4.07,0.1,"FALSE"
2022-05-13,82369958,114465,998279,580915871,401218,9.78,4.11,4.1,3.91,0.1,"FALSE"
2022-05-14,82395023,25065,998325,581376728,460857,10.31,4.39,4.16,4,0.1,"FALSE"
2022-05-15,82414462,19439,998352,581670838,294110,10.08,4.46,4.2,3.98,0.1,"FALSE"
2022-05-16,82564280,149818,998673,581841231,170393,9.9,4.33,4.49,4.11,0.1,"TRUE"
2022-05-17,82698373,134093,999027,582348105,506874,10.08,4.29,4.53,4.1,0.1,"TRUE"
2022-05-18,82867288,168915,999607,582757136,409031,10.15,4.23,4.51,4.08,0.1,"TRUE"
2022-05-19,82988450,121162,1000013,NA,NA,9.83,4.17,4.43,4.03,0.1,"FALSE"
2022-05-20,83128466,140016,1000411,583478451,NA,9.46,4.01,4,3.84,0.1,"TRUE"
2022-05-21,83165773,37307,1000526,583987461,509010,10,4.3,3.98,3.92,0.16,"FALSE"
2022-05-22,83187760,21987,1000577,584279990,292529,9.96,4.47,4.2,4.01,0.13,"FALSE"
2022-05-23,83320644,132884,1000826,584449398,169408,9.85,4.37,4.5,4.15,0.11,"TRUE"
2022-05-24,83453009,132365,1001375,585029684,580286,9.86,4.21,4.45,4.11,0.1,"TRUE"
2022-05-25,83640103,187094,1002179,585416027,386343,9.76,4.12,4.29,4.07,0.1,"TRUE"
2022-05-26,83764744,124641,1002522,586008740,592713,9.59,4.2,4.21,3.92,0.1,"TRUE"
2022-05-27,83903655,138911,1003124,586508124,499384,9.46,4.07,3.92,3.82,0.1,"TRUE"
2022-05-28,83917417,13762,1003159,NA,NA,9.95,4.34,3.96,3.95,0.11,"FALSE"
2022-05-29,83926462,9045,1003167,NA,NA,9.88,4.39,4.31,3.93,0.11,"FALSE"
2022-05-30,83958614,32152,1003189,NA,NA,9.79,4.43,4.66,4.03,0.1,"FALSE"
2022-05-31,84140997,182383,1003571,587360320,NA,9.79,4.36,4.7,4.2,0.1,"TRUE"
2022-06-01,84360023,219026,1004163,587821662,461342,9.69,4.26,4.56,4.12,0.1,"TRUE"
2022-06-02,84471393,111370,1004534,NA,NA,9.5,4.21,4.45,3.95,0.1,"FALSE"
2022-06-03,84613605,142212,1004941,588473704,NA,9.24,4.12,4.23,3.79,0.1,"TRUE"
2022-06-04,84657255,43650,1005134,588874667,400963,9.65,4.36,4.13,3.82,0.12,"FALSE"
2022-06-05,84673734,16479,1005152,589110077,235410,9.42,4.44,4.28,3.85,0.12,"FALSE"
2022-06-06,84810837,137103,1005473,589231370,121293,9.18,4.45,4.51,3.97,0.15,"TRUE"
2022-06-07,84953650,142813,1005943,NA,NA,9.17,4.39,4.63,3.97,0.12,"TRUE"
2022-06-08,85132456,178806,1006988,NA,NA,8.96,4.33,4.53,3.92,0.1,"TRUE"
2022-06-09,85250167,117711,1007331,590076511,NA,8.76,4.24,4.42,3.82,0.14,"FALSE"
2022-06-10,85386208,136041,1007702,590441517,365006,8.63,4.12,4.1,3.72,0.28,"TRUE"
2022-06-11,85421581,35373,1007826,590795244,353727,8.74,4.29,4.11,3.78,0.13,"FALSE"
2022-06-12,85439974,18393,1007845,590999136,203892,8.61,4.57,4.27,3.82,0.1,"FALSE"
2022-06-13,85565377,125403,1008116,591103144,104008,8.39,4.46,4.49,3.88,0.1,"TRUE"
2022-06-14,85700792,135415,1008554,591406403,303259,8.56,4.52,4.55,3.98,0.1,"TRUE"
2022-06-15,85872596,171804,1009208,591982644,576241,8.54,4.3,4.54,3.98,0.1,"TRUE"
2022-06-16,85976793,104197,1009543,592269252,286608,8.29,4.23,4.37,3.85,0.09,"FALSE"
2022-06-17,86093350,116557,1009847,NA,NA,8.13,4.15,4.12,3.74,0.1,"FALSE"
2022-06-18,86108115,14765,1009871,NA,NA,8.48,4.29,4.17,3.74,0.1,"FALSE"
2022-06-19,86122722,14607,1009893,NA,NA,8.47,4.41,4.17,3.79,0.1,"FALSE"
2022-06-20,86176918,54196,1009982,NA,NA,8.67,4.49,4.68,3.91,0.1,"FALSE"
2022-06-21,86386656,209738,1010552,NA,NA,8.7,4.53,4.67,4.03,0.1,"TRUE"
2022-06-22,86557097,170441,1011326,593739529,NA,8.68,4.44,4.66,4,0.1,"TRUE"
2022-06-23,86673590,116493,1011825,NA,NA,8.44,4.36,4.49,3.89,0.11,"FALSE"
2022-06-24,86829149,155559,1012317,NA,NA,7.97,4.19,4.04,3.71,0.09,"TRUE"
2022-06-25,86876818,47669,1012480,NA,NA,8.2,4.32,4.03,3.77,0.1,"FALSE"
2022-06-26,86895056,18238,1012486,NA,NA,8.19,4.53,4.19,3.77,0.1,"FALSE"
2022-06-27,87027295,132239,1012765,NA,NA,8.22,4.52,4.49,3.89,0.1,"TRUE"
2022-06-28,87149583,122288,1013306,NA,NA,8.39,4.75,4.63,4.01,0.1,"FALSE"
2022-06-29,87345359,195776,1013999,596233489,NA,8.4,8.66,4.62,4.05,0.1,"TRUE"
2022-06-30,87469077,123718,1014452,NA,NA,8.16,5.95,4.51,3.94,0.1,"FALSE"
2022-07-01,87621338,152261,1014974,NA,NA,7.85,5.01,4.09,3.77,0.1,"TRUE"
2022-07-02,87633658,12320,1014995,NA,NA,8.09,5.2,4.07,3.77,0.1,"FALSE"
2022-07-03,87640519,6861,1014998,NA,NA,8.07,4.89,4.13,3.78,0.1,"FALSE"
2022-07-04,87676181,35662,1015062,NA,NA,7.78,4.61,4.08,3.73,0.09,"FALSE"
2022-07-05,87857067,180886,1015488,NA,NA,8.11,4.82,4.63,4.04,0.09,"TRUE"
2022-07-06,88097358,240291,1016205,597655035,NA,8.39,4.69,4.82,4.17,0.1,"TRUE"
2022-07-07,88221970,124612,1016680,NA,NA,8.25,4.74,4.71,4.13,0.1,"TRUE"
2022-07-08,88390029,168059,1017242,NA,NA,8.01,4.54,4.47,3.96,0.1,"TRUE"
2022-07-09,88413615,23586,1017278,NA,NA,8.14,4.68,4.31,3.89,0.11,"FALSE"
2022-07-10,88436184,22569,1017286,NA,NA,8.18,4.76,4.46,3.95,0.11,"FALSE"
2022-07-11,88611513,175329,1017837,NA,NA,8.03,4.72,4.74,4.01,0.1,"TRUE"
2022-07-12,88795782,184269,1018359,NA,NA,8.03,4.59,4.76,4.06,0.1,"TRUE"
2022-07-13,88986908,191126,1019239,599289113,NA,8.06,4.48,4.7,4.07,0.1,"TRUE"
2022-07-14,89131091,144183,1019697,NA,NA,7.92,4.42,4.61,3.94,0.1,"TRUE"
2022-07-15,89300973,169882,1020230,NA,NA,7.73,4.37,4.27,4.04,0.13,"TRUE"
2022-07-16,89322015,21042,1020272,NA,NA,7.87,4.49,4.23,3.94,0.11,"FALSE"
2022-07-17,89343986,21971,1020283,NA,NA,7.83,4.6,4.37,4,0.1,"FALSE"
2022-07-18,89514434,170448,1020803,NA,NA,7.77,4.6,4.66,4.32,0.1,"TRUE"
2022-07-19,89675305,160871,1021350,NA,NA,7.9,4.57,4.75,5.01,0.11,"TRUE"
2022-07-20,89879921,204616,1022142,601497801,NA,7.87,4.48,4.7,4.37,0.13,"TRUE"
2022-07-21,90033432,153511,1022693,NA,NA,7.72,4.42,4.58,4.03,0.1,"TRUE"
2022-07-22,90199121,165689,1023273,NA,NA,7.52,4.3,4.24,3.94,0.1,"TRUE"
2022-07-23,90223372,24251,1023329,NA,NA,7.86,4.42,4.13,4.12,0.11,"FALSE"
2022-07-24,90244872,21500,1023343,NA,NA,7.7,4.59,4.3,4,0.12,"FALSE"
2022-07-25,90412575,167703,1023855,NA,NA,7.73,4.62,4.68,4.14,0.1,"TRUE"
2022-07-26,90576810,164235,1024374,NA,NA,7.69,4.6,4.76,4.18,0.1,"TRUE"
2022-07-27,90803295,226485,1025198,NA,NA,7.65,4.5,4.72,4.14,0.1,"TRUE"
2022-07-28,90952402,149107,1025682,NA,NA,7.46,4.41,4.55,4.03,0.1,"TRUE"
2022-07-29,91091698,139296,1026300,NA,NA,7.15,4.23,4.19,3.91,0.09,"TRUE"
2022-07-30,91103665,11967,1026322,NA,NA,7.33,4.37,4.09,3.98,0.09,"FALSE"
2022-07-31,91114530,10865,1026331,NA,NA,7.42,4.53,4.32,4.09,0.1,"FALSE"
2022-08-01,91291256,176726,1026937,NA,NA,7.29,4.49,4.51,4.24,0.1,"TRUE"
2022-08-02,91399466,108210,1027382,NA,NA,7.4,4.49,4.65,4.39,0.09,"FALSE"
2022-08-03,91616745,217279,1028439,604235972,NA,7.41,4.42,4.57,4.26,0.09,"TRUE"
2022-08-04,91781476,164731,1029112,NA,NA,7.29,4.31,4.45,4.38,0.09,"TRUE"
2022-08-05,91913390,131914,1029769,NA,NA,7,4.19,4.17,4.01,0.09,"TRUE"
2022-08-06,91924176,10786,1029797,NA,NA,7.23,4.35,4.11,3.9,0.09,"FALSE"
2022-08-07,91934257,10081,1029808,NA,NA,7.21,4.46,4.26,3.83,0.09,"FALSE"
2022-08-08,92079701,145444,1030371,NA,NA,7.08,4.43,4.57,3.9,0.08,"TRUE"
2022-08-09,92208348,128647,1030933,NA,NA,7.19,4.41,4.61,3.94,0.07,"TRUE"
2022-08-10,92383180,174832,1031805,606162842,NA,7.24,4.37,4.61,3.73,0.08,"TRUE"
2022-08-11,92520198,137018,1032506,NA,NA,7.14,4.38,4.52,3.57,0.08,"TRUE"
2022-08-12,92641966,121768,1033177,NA,NA,6.95,4.16,4.12,3.38,0.08,"FALSE"
2022-08-13,92648820,6854,1033195,NA,NA,7.41,4.35,4.22,3.48,0.08,"FALSE"
2022-08-14,92659524,10704,1033207,NA,NA,7.51,4.51,4.37,3.49,0.07,"FALSE"
2022-08-15,92788886,129362,1033762,NA,NA,7.37,4.43,4.52,3.61,0.08,"TRUE"
2022-08-16,92909503,120617,1034234,NA,NA,7.52,4.41,4.67,3.79,0.08,"FALSE"
2022-08-17,93069322,159819,1035194,607588353,NA,7.51,4.35,4.61,3.71,0.08,"TRUE"
2022-08-18,93195688,126366,1035802,NA,NA,7.4,4.26,4.52,3.62,0.08,"TRUE"
2022-08-19,93304179,108491,1036333,NA,NA,7.3,4.14,4.13,3.44,0.08,"FALSE"
2022-08-20,93312106,7927,1036360,NA,NA,7.83,4.39,4.12,3.46,0.08,"FALSE"
2022-08-21,93320628,8522,1036368,NA,NA,7.96,4.51,4.26,3.54,0.08,"FALSE"
2022-08-22,93441270,120642,1036961,NA,NA,7.77,4.39,4.45,3.61,0.08,"FALSE"
2022-08-23,93546473,105203,1037466,NA,NA,8.06,4.42,4.63,3.67,0.07,"FALSE"
2022-08-24,93720590,174117,1038392,608937334,NA,8.16,4.33,4.58,3.67,0.08,"TRUE"
2022-08-25,93831767,111177,1039036,NA,NA,8.21,4.25,4.47,3.67,0.07,"FALSE"
2022-08-26,93934199,102432,1039673,NA,NA,8.19,4.08,4.07,3.55,0.07,"FALSE"
2022-08-27,93943022,8823,1039703,NA,NA,8.67,4.36,4.09,3.63,0.08,"FALSE"
2022-08-28,93951561,8539,1039706,NA,NA,8.74,4.48,4.26,3.68,0.08,"FALSE"
2022-08-29,94063866,112305,1040297,NA,NA,8.56,4.34,4.48,3.81,0.07,"FALSE"
2022-08-30,94180902,117036,1040764,NA,NA,8.87,4.32,4.57,3.88,0.07,"FALSE"
2022-08-31,94335008,154106,1042167,610012616,NA,8.73,4.16,4.49,3.75,0.08,"TRUE"
2022-09-01,94443668,108660,1042880,NA,NA,8.52,4.04,4.3,3.62,0.07,"FALSE"
2022-09-02,94532021,88353,1043382,NA,NA,8.33,3.98,3.97,3.46,0.07,"FALSE"
2022-09-03,94539458,7437,1043401,NA,NA,8.87,4.27,3.92,3.57,0.08,"FALSE"
2022-09-04,94545281,5823,1043402,NA,NA,8.95,4.38,4.03,3.6,0.08,"FALSE"
2022-09-05,94563745,18464,1043455,NA,NA,9,4.43,4.17,3.7,0.07,"FALSE"
2022-09-06,94689639,125894,1044083,NA,NA,8.85,4.31,4.41,3.77,0.09,"TRUE"
2022-09-07,94833490,143851,1044912,610686563,NA,8.85,4.26,4.5,3.73,0.08,"TRUE"
2022-09-08,94921915,88425,1045586,NA,NA,8.58,4.08,4.28,3.61,0.08,"FALSE"
2022-09-09,94995800,73885,1046119,NA,NA,8.34,3.97,3.95,3.58,0.07,"FALSE"
2022-09-10,94999027,3227,1046145,NA,NA,9.01,4.27,3.95,3.54,0.08,"FALSE"
2022-09-11,95010491,11464,1046164,NA,NA,8.99,4.38,4.07,3.6,0.08,"FALSE"
2022-09-12,95098004,87513,1046733,NA,NA,8.95,4.38,4.47,3.72,0.07,"FALSE"
2022-09-13,95159646,61642,1047221,NA,NA,9.18,4.33,4.61,3.82,0.07,"FALSE"
2022-09-14,95275075,115429,1048141,612781120,NA,9.21,4.24,4.55,3.76,0.07,"FALSE"
2022-09-15,95369503,94428,1048765,NA,NA,9.06,4.11,4.36,3.65,0.07,"FALSE"
2022-09-16,95428258,58755,1049213,NA,NA,8.84,3.94,3.97,3.51,0.07,"FALSE"
2022-09-17,95434981,6723,1049235,NA,NA,9.56,4.2,3.94,3.57,0.07,"FALSE"
2022-09-18,95440240,5259,1049243,NA,NA,9.71,4.35,4.14,3.69,0.08,"FALSE"
2022-09-19,95507606,67366,1049750,NA,NA,9.71,4.32,4.54,3.85,0.09,"FALSE"
2022-09-20,95559194,51588,1050158,NA,NA,10.03,4.27,4.68,3.9,0.08,"FALSE"
2022-09-21,95666528,107334,1051083,616172308,NA,9.88,4.18,4.57,3.81,0.08,"FALSE"
2022-09-22,95760230,93702,1051601,NA,NA,9.56,4.03,4.31,3.65,0.07,"FALSE"
2022-09-23,95804726,44496,1052056,NA,NA,9.39,3.83,3.85,3.45,0.07,"FALSE"
2022-09-24,95812817,8091,1052093,NA,NA,10.12,4.11,3.88,3.56,0.07,"FALSE"
2022-09-25,95819136,6319,1052099,NA,NA,10.1,4.25,4.04,3.64,0.08,"FALSE"
2022-09-26,95877656,58520,1052503,NA,NA,10.09,4.24,4.42,3.81,0.07,"FALSE"
2022-09-27,95919539,41883,1052948,NA,NA,10.18,4.11,4.43,3.81,0.08,"FALSE"
2022-09-28,96019867,100328,1054260,619765972,NA,9.97,3.93,4.24,3.65,0.08,"FALSE"
2022-09-29,96104859,84992,1054893,NA,NA,9.66,3.88,4.15,3.55,0.08,"FALSE"
2022-09-30,96144226,39367,1055290,NA,NA,9.34,3.74,3.82,3.42,0.07,"FALSE"
2022-10-01,96150643,6417,1055316,NA,NA,9.99,4.02,3.74,3.51,0.08,"FALSE"
2022-10-02,96156591,5948,1055316,NA,NA,10.16,4.2,3.94,3.57,0.08,"FALSE"
2022-10-03,96204427,47836,1055596,NA,NA,10.32,4.18,4.3,3.79,0.08,"FALSE"
2022-10-04,96240281,35854,1056073,NA,NA,10.68,4.13,4.46,3.86,0.08,"FALSE"
2022-10-05,96320795,80514,1057185,624198981,NA,10.62,4.14,4.51,3.86,0.08,"FALSE"
2022-10-06,96394630,73835,1057889,NA,NA,10.32,4.03,4.33,3.74,0.08,"FALSE"
2022-10-07,96429284,34654,1058206,NA,NA,9.99,3.88,3.9,3.57,0.08,"FALSE"
2022-10-08,96422344,6940,1058156,NA,NA,10.69,4.12,3.85,3.69,0.08,"FALSE"
2022-10-09,96428398,6054,1058159,NA,NA,10.86,4.26,4.03,3.7,0.09,"FALSE"
2022-10-10,96452692,24294,1058322,NA,NA,11.23,4.31,4.5,3.93,0.08,"FALSE"
2022-10-11,96493867,41175,1058919,NA,NA,11.32,4.2,4.56,4.04,0.08,"FALSE"
2022-10-12,96567547,73680,1059706,627854963,NA,11.25,4.15,4.51,3.99,0.08,"FALSE"
2022-10-13,96643191,75644,1060345,NA,NA,10.96,4.06,4.35,3.85,0.08,"FALSE"
2022-10-14,96672841,29650,1060730,NA,NA,10.69,3.92,3.94,3.65,0.08,"FALSE"
2022-10-15,96675617,2776,1060748,NA,NA,11.14,4.15,3.86,3.7,0.08,"FALSE"
2022-10-16,96682663,7046,1060760,NA,NA,11.31,4.34,4.09,3.81,0.09,"FALSE"
2022-10-17,96729811,47148,1061118,NA,NA,11.6,4.31,4.54,4.05,0.08,"FALSE"
2022-10-18,96757935,28124,1061498,NA,NA,12.1,4.18,4.62,4.11,0.08,"FALSE"
2022-10-19,96826394,68459,1062203,632905664,NA,12.25,4.11,4.54,4.13,0.08,"FALSE"
2022-10-20,96887495,61101,1062741,NA,NA,12.42,4.05,4.41,4.12,0.08,"FALSE"
2022-10-21,96921457,33962,1063369,NA,NA,12.57,3.92,4.03,4,0.08,"FALSE"
2022-10-22,96924033,2576,1063379,NA,NA,12.93,4.21,4.12,4.18,0.08,"FALSE"
2022-10-23,96931008,6975,1063380,NA,NA,13.22,4.35,4.15,4.3,0.08,"FALSE"
2022-10-24,96970800,39792,1063613,NA,NA,14,4.32,4.49,4.53,0.08,"FALSE"
2022-10-25,96996456,25656,1063993,NA,NA,14.36,4.27,4.62,4.62,0.08,"FALSE"
2022-10-26,97077271,80815,1065118,636871557,NA,14.2,4.21,4.55,4.56,0.08,"FALSE"
2022-10-27,97146134,68863,1065706,NA,NA,14.14,4.08,4.39,4.39,0.08,"FALSE"
2022-10-28,97179235,33101,1065942,NA,NA,13.4,3.89,4.04,4.17,0.08,"FALSE"
2022-10-29,97182927,3692,1065964,NA,NA,14.13,4.14,3.97,4.36,0.08,"FALSE"
2022-10-30,97186606,3679,1065966,NA,NA,14.18,4.3,4.13,4.57,0.09,"FALSE"
2022-10-31,97233018,46412,1066150,NA,NA,13.84,4.15,4.19,4.61,0.07,"FALSE"
2022-11-01,97262328,29310,1066491,NA,NA,15.37,4.25,4.83,5,0.08,"FALSE"
2022-11-02,97338475,76147,1067366,640913400,NA,15.78,4.24,5.53,5.05,0.08,"FALSE"
2022-11-03,97416551,78076,1067922,NA,NA,15.88,4.16,4.92,4.99,0.08,"FALSE"
2022-11-04,97465910,49359,1068411,NA,NA,15.39,4.02,4.25,5.22,0.08,"FALSE"
2022-11-05,97469639,3729,1068432,NA,NA,16.01,4.25,4.11,5.52,0.08,"FALSE"
2022-11-06,97476278,6639,1068437,NA,NA,16.22,4.45,4.37,5.67,0.08,"FALSE"
2022-11-07,97515570,39292,1068574,NA,NA,16.12,4.28,4.49,5.35,0.08,"FALSE"
2022-11-08,97536711,21141,1068787,NA,NA,15.52,4.04,4.28,5.03,0.08,"FALSE"
2022-11-09,97630397,93686,1069707,646524294,NA,15.29,4.02,4.35,4.93,0.09,"FALSE"
2022-11-10,97718317,87920,1070288,NA,NA,15.63,4.08,4.34,4.9,0.08,"FALSE"
2022-11-11,97729641,11324,1083006,NA,NA,15.28,4.12,4.03,4.88,0.08,"FALSE"
2022-11-12,97732216,2575,1083008,NA,NA,15.68,4.35,4,5.02,0.08,"FALSE"
2022-11-13,97734170,1954,1083009,NA,NA,16.45,4.43,4.2,5.08,0.09,"FALSE"
